InvoiceNo,StockCode,Description,Quantity,date,price,CustomerID,Country
563345,23295,SET OF 12 MINI LOAF BAKING CASES,128,8/15/11 13:22,"0,72",12619,Germany
563345,23309,SET OF 60 I LOVE LONDON CAKE CASES,48,8/15/11 13:22,"0,55",12619,Germany
563345,23308,SET OF 60 VINTAGE LEAF CAKE CASES,24,8/15/11 13:22,"0,55",12619,Germany
563345,21212,PACK OF 72 RETROSPOT CAKE CASES,48,8/15/11 13:22,"0,55",12619,Germany
563345,23307,SET OF 60 PANTRY DESIGN CAKE CASES,48,8/15/11 13:22,"0,55",12619,Germany
563345,21210,SET OF 72 RETROSPOT PAPER  DOILIES,12,8/15/11 13:22,"1,45",12619,Germany
563345,84988,SET OF 72 PINK HEART PAPER DOILIES,12,8/15/11 13:22,"1,45",12619,Germany
563345,22932,BAKING MOULD TOFFEE CUP CHOCOLATE,6,8/15/11 13:22,"2,55",12619,Germany
563345,22930,BAKING MOULD HEART MILK CHOCOLATE,6,8/15/11 13:22,"2,55",12619,Germany
563345,23293,SET OF 12 FAIRY CAKE BAKING CASES,128,8/15/11 13:22,"0,72",12619,Germany
563345,POST,POSTAGE,2,8/15/11 13:22,18,12619,Germany
563373,20754,RETROSPOT RED WASHING UP GLOVES,6,8/16/11 10:02,"2,1",12569,Germany
563373,15060B,FAIRY CAKE DESIGN UMBRELLA,4,8/16/11 10:02,"3,75",12569,Germany
563373,21481,FAWN BLUE HOT WATER BOTTLE,6,8/16/11 10:02,"2,95",12569,Germany
563373,22625,RED KITCHEN SCALES,4,8/16/11 10:02,"8,5",12569,Germany
563373,POST,POSTAGE,2,8/16/11 10:02,18,12569,Germany
563540,22176,BLUE OWL SOFT TOY,6,8/17/11 12:04,"2,95",12473,Germany
563540,84931A,PINK SCOTTIE DOG W FLOWER PATTERN,6,8/17/11 12:04,"2,55",12473,Germany
563540,22908,PACK OF 20 NAPKINS RED APPLES,12,8/17/11 12:04,"0,85",12473,Germany
563540,21080,SET/20 RED RETROSPOT PAPER NAPKINS,12,8/17/11 12:04,"0,85",12473,Germany
563540,20726,LUNCH BAG WOODLAND,10,8/17/11 12:04,"1,65",12473,Germany
563540,85014A,BLACK/BLUE POLKADOT UMBRELLA,3,8/17/11 12:04,"5,95",12473,Germany
563540,20981,12 PENCILS TALL TUBE WOODLAND,12,8/17/11 12:04,"0,85",12473,Germany
563540,22433,WATERING CAN GREEN DINOSAUR,6,8/17/11 12:04,"1,95",12473,Germany
563540,20679,EDWARDIAN PARASOL RED,3,8/17/11 12:04,"5,95",12473,Germany
563540,23020,GLASS  SONGBIRD STORAGE JAR,2,8/17/11 12:04,"12,5",12473,Germany
563540,23287,RED VINTAGE SPOT BEAKER,8,8/17/11 12:04,"0,85",12473,Germany
563540,23286,BLUE VINTAGE SPOT BEAKER,8,8/17/11 12:04,"0,85",12473,Germany
563540,21991,BOHEMIAN COLLAGE STATIONERY SET,12,8/17/11 12:04,"1,25",12473,Germany
563540,22608,PENS ASSORTED FUNKY JEWELED,36,8/17/11 12:04,"0,19",12473,Germany
563540,22609,PENS ASSORTED SPACEBALL,36,8/17/11 12:04,"0,19",12473,Germany
563540,22398,MAGNETS PACK OF 4 SWALLOWS,12,8/17/11 12:04,"0,39",12473,Germany
563540,22178,VICTORIAN GLASS HANGING T-LIGHT,12,8/17/11 12:04,"1,25",12473,Germany
563540,22333,RETROSPOT PARTY BAG + STICKER SET,8,8/17/11 12:04,"1,65",12473,Germany
563540,22331,WOODLAND PARTY BAG + STICKER SET,8,8/17/11 12:04,"1,65",12473,Germany
563540,22334,DINOSAUR PARTY BAG + STICKER SET,8,8/17/11 12:04,"1,65",12473,Germany
563540,85099B,JUMBO BAG RED RETROSPOT,10,8/17/11 12:04,"2,08",12473,Germany
563540,23200,JUMBO BAG PEARS,10,8/17/11 12:04,"2,08",12473,Germany
563540,22375,AIRLINE BAG VINTAGE JET SET BROWN,4,8/17/11 12:04,"4,25",12473,Germany
563540,22374,AIRLINE BAG VINTAGE JET SET RED,4,8/17/11 12:04,"4,25",12473,Germany
563540,21289,LARGE STRIPES CHOCOLATE GIFT BAG,16,8/17/11 12:04,"1,25",12473,Germany
563540,22080,RIBBON REEL POLKADOTS,10,8/17/11 12:04,"1,65",12473,Germany
563540,21249,WOODLAND  HEIGHT CHART STICKERS,6,8/17/11 12:04,"2,95",12473,Germany
563540,22551,PLASTERS IN TIN SPACEBOY,12,8/17/11 12:04,"1,65",12473,Germany
563540,22418,10 COLOUR SPACEBOY PEN,24,8/17/11 12:04,"0,85",12473,Germany
563540,POST,POSTAGE,5,8/17/11 12:04,18,12473,Germany
563548,15060B,FAIRY CAKE DESIGN UMBRELLA,4,8/17/11 12:30,"3,75",12528,Germany
563548,20971,PINK BLUE FELT CRAFT TRINKET BOX,12,8/17/11 12:30,"1,25",12528,Germany
563548,21232,STRAWBERRY CERAMIC TRINKET BOX,12,8/17/11 12:30,"1,25",12528,Germany
563548,22220,CAKE STAND LOVEBIRD 2 TIER WHITE,2,8/17/11 12:30,"9,95",12528,Germany
563548,22221,CAKE STAND LOVEBIRD 2 TIER PINK,2,8/17/11 12:30,"9,95",12528,Germany
563548,37449,CERAMIC CAKE STAND + HANGING CAKES,2,8/17/11 12:30,"9,95",12528,Germany
563548,48185,DOORMAT FAIRY CAKE,2,8/17/11 12:30,"7,95",12528,Germany
563548,37500,TEA TIME TEAPOT IN GIFT BOX,12,8/17/11 12:30,"4,95",12528,Germany
563548,POST,POSTAGE,3,8/17/11 12:30,18,12528,Germany
C563751,21232,STRAWBERRY CERAMIC TRINKET BOX,-4,8/19/11 10:37,"1,25",12528,Germany
563776,POST,POSTAGE,2,8/19/11 11:23,18,12600,Germany
563776,20679,EDWARDIAN PARASOL RED,15,8/19/11 11:23,"5,95",12600,Germany
563776,22211,WOOD STAMP SET FLOWERS,12,8/19/11 11:23,"0,83",12600,Germany
563776,21642,ASSORTED TUTTI FRUTTI PEN,24,8/19/11 11:23,"0,29",12600,Germany
563776,21731,RED TOADSTOOL LED NIGHT LIGHT,12,8/19/11 11:23,"1,65",12600,Germany
563776,20719,WOODLAND CHARLOTTE BAG,10,8/19/11 11:23,"0,85",12600,Germany
563776,20726,LUNCH BAG WOODLAND,10,8/19/11 11:23,"1,65",12600,Germany
563776,22374,AIRLINE BAG VINTAGE JET SET RED,4,8/19/11 11:23,"4,25",12600,Germany
563776,85014B,RED RETROSPOT UMBRELLA,12,8/19/11 11:23,"5,95",12600,Germany
563808,20725,LUNCH BAG RED RETROSPOT,10,8/19/11 11:46,"1,65",12626,Germany
563808,21156,RETROSPOT CHILDRENS APRON,8,8/19/11 11:46,"1,95",12626,Germany
563808,22321,BIRD DECORATION RED RETROSPOT,12,8/19/11 11:46,"0,85",12626,Germany
563808,22507,MEMO BOARD RETROSPOT  DESIGN,8,8/19/11 11:46,"4,95",12626,Germany
563808,85099B,JUMBO BAG RED RETROSPOT,20,8/19/11 11:46,"2,08",12626,Germany
563808,20712,JUMBO BAG WOODLAND ANIMALS,10,8/19/11 11:46,"2,08",12626,Germany
563808,21928,JUMBO BAG SCANDINAVIAN BLUE PAISLEY,10,8/19/11 11:46,"2,08",12626,Germany
563808,23202,JUMBO BAG VINTAGE LEAF,10,8/19/11 11:46,"2,08",12626,Germany
563808,23203,JUMBO BAG VINTAGE DOILY,10,8/19/11 11:46,"2,08",12626,Germany
563808,23343,JUMBO BAG VINTAGE CHRISTMAS,10,8/19/11 11:46,"2,08",12626,Germany
563808,20713,JUMBO BAG OWLS,20,8/19/11 11:46,"2,08",12626,Germany
563808,23344,JUMBO BAG 50'S CHRISTMAS,10,8/19/11 11:46,"2,08",12626,Germany
563808,22431,WATERING CAN BLUE ELEPHANT,6,8/19/11 11:46,"1,95",12626,Germany
563808,22432,WATERING CAN PINK BUNNY,6,8/19/11 11:46,"1,95",12626,Germany
563808,23176,ABC TREASURE BOOK BOX,8,8/19/11 11:46,"2,25",12626,Germany
563808,22175,PINK OWL SOFT TOY,6,8/19/11 11:46,"2,95",12626,Germany
563808,22176,BLUE OWL SOFT TOY,6,8/19/11 11:46,"2,95",12626,Germany
563808,22483,RED GINGHAM TEDDY BEAR,6,8/19/11 11:46,"2,95",12626,Germany
563808,21055,TOOL BOX SOFT TOY,2,8/19/11 11:46,"8,95",12626,Germany
563808,22716,CARD CIRCUS PARADE,12,8/19/11 11:46,"0,42",12626,Germany
563808,23353,6 GIFT TAGS VINTAGE CHRISTMAS,12,8/19/11 11:46,"0,83",12626,Germany
563808,23354,6 GIFT TAGS 50'S CHRISTMAS,12,8/19/11 11:46,"0,83",12626,Germany
563808,POST,POSTAGE,2,8/19/11 11:46,18,12626,Germany
563853,POST,POSTAGE,8,8/19/11 15:22,18,12560,Germany
563914,22898,CHILDRENS APRON APPLES DESIGN,8,8/21/11 13:18,"1,95",12518,Germany
563914,22367,CHILDRENS APRON SPACEBOY DESIGN,8,8/21/11 13:18,"1,95",12518,Germany
563914,22629,SPACEBOY LUNCH BOX,12,8/21/11 13:18,"1,95",12518,Germany
563914,22551,PLASTERS IN TIN SPACEBOY,12,8/21/11 13:18,"1,65",12518,Germany
563914,22417,PACK OF 60 SPACEBOY CAKE CASES,24,8/21/11 13:18,"0,55",12518,Germany
563914,22534,MAGIC DRAWING SLATE SPACEBOY,24,8/21/11 13:18,"0,42",12518,Germany
563914,22964,3 PIECE SPACEBOY COOKIE CUTTER SET,12,8/21/11 13:18,"2,1",12518,Germany
563914,22617,BAKING SET SPACEBOY DESIGN,3,8/21/11 13:18,"4,95",12518,Germany
563914,23292,SPACEBOY CHILDRENS CUP,8,8/21/11 13:18,"1,25",12518,Germany
563914,23290,SPACEBOY CHILDRENS BOWL,8,8/21/11 13:18,"1,25",12518,Germany
563914,21680,WOODLAND  STICKERS,12,8/21/11 13:18,"0,85",12518,Germany
563914,22326,ROUND SNACK BOXES SET OF4 WOODLAND,6,8/21/11 13:18,"2,95",12518,Germany
563914,21559,STRAWBERRY LUNCH BOX WITH CUTLERY,6,8/21/11 13:18,"2,55",12518,Germany
563914,22328,ROUND SNACK BOXES SET OF 4 FRUITS,6,8/21/11 13:18,"2,95",12518,Germany
563914,22630,DOLLY GIRL LUNCH BOX,12,8/21/11 13:18,"1,95",12518,Germany
563914,22631,CIRCUS PARADE LUNCH BOX,12,8/21/11 13:18,"1,95",12518,Germany
563914,22659,LUNCH BOX I LOVE LONDON,12,8/21/11 13:18,"1,95",12518,Germany
563914,POST,POSTAGE,2,8/21/11 13:18,18,12518,Germany
563950,22423,REGENCY CAKESTAND 3 TIER,48,8/22/11 10:39,"10,95",12471,Germany
563950,21700,BIG DOUGHNUT FRIDGE MAGNETS,24,8/22/11 10:39,"0,85",12471,Germany
563950,21731,RED TOADSTOOL LED NIGHT LIGHT,12,8/22/11 10:39,"1,65",12471,Germany
563950,22419,LIPSTICK PEN RED,48,8/22/11 10:39,"0,42",12471,Germany
563950,22728,ALARM CLOCK BAKELIKE PINK,12,8/22/11 10:39,"3,75",12471,Germany
563950,22741,FUNKY DIVA PEN,96,8/22/11 10:39,"0,85",12471,Germany
563950,22961,JAM MAKING SET PRINTED,24,8/22/11 10:39,"1,45",12471,Germany
563950,23245,SET OF 3 REGENCY CAKE TINS,4,8/22/11 10:39,"4,95",12471,Germany
563950,23360,SET 8 CANDLES VINTAGE DOILY,12,8/22/11 10:39,"1,95",12471,Germany
563950,23375,50'S CHRISTMAS PAPER GIFT BAG,10,8/22/11 10:39,"0,82",12471,Germany
563950,23159,SET OF 5 PANCAKE DAY MAGNETS,12,8/22/11 10:39,"2,08",12471,Germany
563950,23155,KNICKERBOCKERGLORY MAGNET ASSORTED,12,8/22/11 10:39,"0,83",12471,Germany
563950,23306,SET OF 36 DOILIES PANTRY DESIGN,12,8/22/11 10:39,"1,45",12471,Germany
563950,23174,REGENCY SUGAR BOWL GREEN,8,8/22/11 10:39,"4,15",12471,Germany
563950,23191,BUNDLE OF 3 RETRO NOTE BOOKS,12,8/22/11 10:39,"1,65",12471,Germany
563950,23316,RED REFECTORY CLOCK,2,8/22/11 10:39,"9,95",12471,Germany
563950,23236,STORAGE TIN VINTAGE DOILY,6,8/22/11 10:39,"2,89",12471,Germany
563950,23238,SET OF 4 KNICK KNACK TINS LONDON,6,8/22/11 10:39,"4,15",12471,Germany
563950,23198,PANTRY MAGNETIC  SHOPPING LIST,12,8/22/11 10:39,"1,45",12471,Germany
563950,23197,SKETCHBOOK MAGNETIC SHOPPING LIST,12,8/22/11 10:39,"1,45",12471,Germany
563950,POST,POSTAGE,7,8/22/11 10:39,18,12471,Germany
564039,22326,ROUND SNACK BOXES SET OF4 WOODLAND,24,8/22/11 12:40,"2,95",12645,Germany
564039,22328,ROUND SNACK BOXES SET OF 4 FRUITS,24,8/22/11 12:40,"2,95",12645,Germany
564039,21914,BLUE HARMONICA IN BOX,12,8/22/11 12:40,"1,25",12645,Germany
564039,21915,RED  HARMONICA IN BOX,12,8/22/11 12:40,"1,25",12645,Germany
564039,84375,SET OF 20 KIDS COOKIE CUTTERS,12,8/22/11 12:40,"2,1",12645,Germany
564039,22745,POPPY'S PLAYHOUSE BEDROOM,6,8/22/11 12:40,"2,1",12645,Germany
564039,21212,PACK OF 72 RETROSPOT CAKE CASES,24,8/22/11 12:40,"0,55",12645,Germany
564039,21213,PACK OF 72 SKULL CAKE CASES,24,8/22/11 12:40,"0,55",12645,Germany
564039,21975,PACK OF 60 DINOSAUR CAKE CASES,24,8/22/11 12:40,"0,55",12645,Germany
564039,22553,PLASTERS IN TIN SKULLS,12,8/22/11 12:40,"1,65",12645,Germany
564039,22898,CHILDRENS APRON APPLES DESIGN,8,8/22/11 12:40,"1,95",12645,Germany
564039,22534,MAGIC DRAWING SLATE SPACEBOY,24,8/22/11 12:40,"0,42",12645,Germany
564039,22537,MAGIC DRAWING SLATE DINOSAUR,24,8/22/11 12:40,"0,42",12645,Germany
564039,23196,VINTAGE LEAF MAGNETIC NOTEPAD,12,8/22/11 12:40,"1,45",12645,Germany
564039,23202,JUMBO BAG VINTAGE LEAF,10,8/22/11 12:40,"2,08",12645,Germany
564039,21039,RED RETROSPOT SHOPPING BAG,6,8/22/11 12:40,"2,55",12645,Germany
564039,22492,MINI PAINT SET VINTAGE,36,8/22/11 12:40,"0,65",12645,Germany
564039,21731,RED TOADSTOOL LED NIGHT LIGHT,12,8/22/11 12:40,"1,65",12645,Germany
564039,23237,SET OF 4 KNICK KNACK TINS LEAF,6,8/22/11 12:40,"4,15",12645,Germany
564039,23244,ROUND STORAGE TIN VINTAGE LEAF,6,8/22/11 12:40,"1,95",12645,Germany
564039,23239,SET OF 4 KNICK KNACK TINS POPPIES,6,8/22/11 12:40,"4,15",12645,Germany
564039,23308,SET OF 60 VINTAGE LEAF CAKE CASES,24,8/22/11 12:40,"0,55",12645,Germany
564039,POST,POSTAGE,2,8/22/11 12:40,18,12645,Germany
564079,20977,36 PENCILS TUBE WOODLAND,32,8/22/11 15:55,"1,25",12627,Germany
564079,21928,JUMBO BAG SCANDINAVIAN BLUE PAISLEY,10,8/22/11 15:55,"2,08",12627,Germany
564079,22411,JUMBO SHOPPER VINTAGE RED PAISLEY,10,8/22/11 15:55,"2,08",12627,Germany
564079,22557,PLASTERS IN TIN VINTAGE PAISLEY,12,8/22/11 15:55,"1,65",12627,Germany
564079,22077,6 RIBBONS RUSTIC CHARM,12,8/22/11 15:55,"1,65",12627,Germany
564079,22743,MAKE YOUR OWN FLOWERPOWER CARD KIT,6,8/22/11 15:55,"2,95",12627,Germany
564079,23206,LUNCH BAG APPLE DESIGN,10,8/22/11 15:55,"1,65",12627,Germany
564079,23207,LUNCH BAG ALPHABET DESIGN,10,8/22/11 15:55,"1,65",12627,Germany
564079,23247,BISCUIT TIN 50'S CHRISTMAS,6,8/22/11 15:55,"2,89",12627,Germany
564079,23344,JUMBO BAG 50'S CHRISTMAS,10,8/22/11 15:55,"2,08",12627,Germany
564079,22556,PLASTERS IN TIN CIRCUS PARADE,12,8/22/11 15:55,"1,65",12627,Germany
564079,22631,CIRCUS PARADE LUNCH BOX,12,8/22/11 15:55,"1,95",12627,Germany
564079,23255,CHILDRENS CUTLERY CIRCUS PARADE,4,8/22/11 15:55,"4,15",12627,Germany
564079,20796,SMALL BLUE PROVENCAL CERAMIC BALL,12,8/22/11 15:55,"1,65",12627,Germany
564079,22692,DOORMAT WELCOME TO OUR HOME,2,8/22/11 15:55,"7,95",12627,Germany
564079,22381,TOY TIDY PINK POLKADOT,5,8/22/11 15:55,"2,1",12627,Germany
564079,22386,JUMBO BAG PINK POLKADOT,10,8/22/11 15:55,"2,08",12627,Germany
564079,22423,REGENCY CAKESTAND 3 TIER,1,8/22/11 15:55,"12,75",12627,Germany
564079,84692,BOX OF 24 COCKTAIL PARASOLS,25,8/22/11 15:55,"0,42",12627,Germany
564079,20665,RED RETROSPOT PURSE,6,8/22/11 15:55,"2,95",12627,Germany
564079,20979,36 PENCILS TUBE RED RETROSPOT,16,8/22/11 15:55,"1,25",12627,Germany
564079,22379,RECYCLING BAG RETROSPOT,5,8/22/11 15:55,"2,1",12627,Germany
564079,22352,LUNCH BOX WITH CUTLERY RETROSPOT,6,8/22/11 15:55,"2,55",12627,Germany
564079,22378,WALL TIDY RETROSPOT,5,8/22/11 15:55,"2,1",12627,Germany
564079,22507,MEMO BOARD RETROSPOT  DESIGN,4,8/22/11 15:55,"4,95",12627,Germany
564079,22667,RECIPE BOX RETROSPOT,6,8/22/11 15:55,"2,95",12627,Germany
564079,23254,CHILDRENS CUTLERY DOLLY GIRL,4,8/22/11 15:55,"4,15",12627,Germany
564079,85099B,JUMBO BAG RED RETROSPOT,10,8/22/11 15:55,"2,08",12627,Germany
564079,21558,SKULL LUNCH BOX WITH CUTLERY,6,8/22/11 15:55,"2,55",12627,Germany
564079,21930,JUMBO STORAGE BAG SKULLS,10,8/22/11 15:55,"2,08",12627,Germany
564079,22327,ROUND SNACK BOXES SET OF 4 SKULLS,6,8/22/11 15:55,"2,95",12627,Germany
564079,22553,PLASTERS IN TIN SKULLS,12,8/22/11 15:55,"1,65",12627,Germany
564079,22380,TOY TIDY SPACEBOY,5,8/22/11 15:55,"2,1",12627,Germany
564079,22385,JUMBO BAG SPACEBOY DESIGN,10,8/22/11 15:55,"2,08",12627,Germany
564079,20726,LUNCH BAG WOODLAND,10,8/22/11 15:55,"1,65",12627,Germany
564082,POST,POSTAGE,4,8/23/11 8:51,18,12627,Germany
C564104,23199,JUMBO BAG APPLES,-10,8/23/11 10:38,"2,08",12530,Germany
C564104,90070,RUBY GLASS CLUSTER BRACELET,-3,8/23/11 10:38,"5,95",12530,Germany
564140,23346,SPACEBOY BEAKER,12,8/23/11 11:47,"1,25",12621,Germany
564140,22705,WRAP GREEN PEARS,25,8/23/11 11:47,"0,42",12621,Germany
564140,23206,LUNCH BAG APPLE DESIGN,10,8/23/11 11:47,"1,65",12621,Germany
564140,23204,CHARLOTTE BAG APPLES DESIGN,10,8/23/11 11:47,"0,85",12621,Germany
564140,23292,SPACEBOY CHILDRENS CUP,8,8/23/11 11:47,"1,25",12621,Germany
564140,22629,SPACEBOY LUNCH BOX,12,8/23/11 11:47,"1,95",12621,Germany
564140,22029,SPACEBOY BIRTHDAY CARD,12,8/23/11 11:47,"0,42",12621,Germany
564140,22418,10 COLOUR SPACEBOY PEN,24,8/23/11 11:47,"0,85",12621,Germany
564140,22544,MINI JIGSAW SPACEBOY,24,8/23/11 11:47,"0,42",12621,Germany
564140,22964,3 PIECE SPACEBOY COOKIE CUTTER SET,6,8/23/11 11:47,"2,1",12621,Germany
564140,23192,BUNDLE OF 3 ALPHABET EXERCISE BOOKS,12,8/23/11 11:47,"1,65",12621,Germany
564140,23190,BUNDLE OF 3 SCHOOL EXERCISE BOOKS,12,8/23/11 11:47,"1,65",12621,Germany
564140,23290,SPACEBOY CHILDRENS BOWL,8,8/23/11 11:47,"1,25",12621,Germany
564140,22326,ROUND SNACK BOXES SET OF4 WOODLAND,12,8/23/11 11:47,"2,95",12621,Germany
564140,20749,ASSORTED COLOUR MINI CASES,2,8/23/11 11:47,"7,95",12621,Germany
564140,20750,RED RETROSPOT MINI CASES,2,8/23/11 11:47,"7,95",12621,Germany
564140,21509,COWBOYS AND INDIANS BIRTHDAY CARD,12,8/23/11 11:47,"0,42",12621,Germany
564140,22037,ROBOT BIRTHDAY CARD,12,8/23/11 11:47,"0,42",12621,Germany
564140,22706,WRAP COWBOYS,25,8/23/11 11:47,"0,42",12621,Germany
564140,22077,6 RIBBONS RUSTIC CHARM,12,8/23/11 11:47,"1,65",12621,Germany
564140,21208,PASTEL COLOUR HONEYCOMB FAN,12,8/23/11 11:47,"0,39",12621,Germany
564140,21209,MULTICOLOUR HONEYCOMB FAN,12,8/23/11 11:47,"0,39",12621,Germany
564140,21194,PINK  HONEYCOMB PAPER FAN,12,8/23/11 11:47,"0,65",12621,Germany
564140,21650,ASSORTED TUTTI FRUTTI BRACELET,24,8/23/11 11:47,"0,19",12621,Germany
564140,21680,WOODLAND  STICKERS,12,8/23/11 11:47,"0,85",12621,Germany
564140,21883,STARS GIFT TAPE,12,8/23/11 11:47,"0,65",12621,Germany
564140,22637,PIGGY BANK RETROSPOT,4,8/23/11 11:47,"2,55",12621,Germany
564140,21116,OWL DOORSTOP,3,8/23/11 11:47,"4,95",12621,Germany
564140,84006,MAGIC TREE -PAPER FLOWERS,12,8/23/11 11:47,"0,85",12621,Germany
564140,22729,ALARM CLOCK BAKELIKE ORANGE,4,8/23/11 11:47,"3,75",12621,Germany
564140,POST,POSTAGE,2,8/23/11 11:47,18,12621,Germany
C564142,79191C,RETRO PLASTIC ELEPHANT TRAY,-1,8/23/11 11:49,"0,85",12477,Germany
C564142,22244,3 HOOK HANGER MAGIC GARDEN,-1,8/23/11 11:49,"1,95",12477,Germany
C564142,21155,RED RETROSPOT PEG BAG,-1,8/23/11 11:49,"2,55",12477,Germany
564216,21122,SET/10 PINK POLKADOT PARTY CANDLES,24,8/24/11 9:23,"1,25",12642,Germany
564216,21121,SET/10 RED POLKADOT PARTY CANDLES,24,8/24/11 9:23,"1,25",12642,Germany
564216,21124,SET/10 BLUE POLKADOT PARTY CANDLES,24,8/24/11 9:23,"1,25",12642,Germany
564216,22908,PACK OF 20 NAPKINS RED APPLES,12,8/24/11 9:23,"0,85",12642,Germany
564216,22613,PACK OF 20 SPACEBOY NAPKINS,12,8/24/11 9:23,"0,85",12642,Germany
564216,22734,SET OF 6 RIBBONS VINTAGE CHRISTMAS,6,8/24/11 9:23,"2,89",12642,Germany
564216,85049E,SCANDINAVIAN REDS RIBBONS,12,8/24/11 9:23,"1,25",12642,Germany
564216,21194,PINK  HONEYCOMB PAPER FAN,12,8/24/11 9:23,"0,65",12642,Germany
564216,21208,PASTEL COLOUR HONEYCOMB FAN,12,8/24/11 9:23,"0,39",12642,Germany
564216,22848,BREAD BIN DINER STYLE PINK,1,8/24/11 9:23,"16,95",12642,Germany
564216,22077,6 RIBBONS RUSTIC CHARM,12,8/24/11 9:23,"1,65",12642,Germany
564216,21086,SET/6 RED SPOTTY PAPER CUPS,12,8/24/11 9:23,"0,65",12642,Germany
564216,21094,SET/6 RED SPOTTY PAPER PLATES,12,8/24/11 9:23,"0,85",12642,Germany
564216,21210,SET OF 72 RETROSPOT PAPER  DOILIES,12,8/24/11 9:23,"1,45",12642,Germany
564216,23297,SET 40 HEART SHAPE PETIT FOUR CASES,16,8/24/11 9:23,"1,65",12642,Germany
564216,21988,PACK OF 6 SKULL PAPER PLATES,12,8/24/11 9:23,"0,85",12642,Germany
564216,21989,PACK OF 20 SKULL PAPER NAPKINS,12,8/24/11 9:23,"0,85",12642,Germany
564216,21987,PACK OF 6 SKULL PAPER CUPS,12,8/24/11 9:23,"0,65",12642,Germany
564216,23293,SET OF 12 FAIRY CAKE BAKING CASES,8,8/24/11 9:23,"0,83",12642,Germany
564216,23295,SET OF 12 MINI LOAF BAKING CASES,8,8/24/11 9:23,"0,83",12642,Germany
564216,23296,SET OF 6 TEA TIME BAKING CASES,8,8/24/11 9:23,"1,25",12642,Germany
564216,22955,36 FOIL STAR CAKE CASES,6,8/24/11 9:23,"2,1",12642,Germany
564216,22956,36 FOIL HEART CAKE CASES,6,8/24/11 9:23,"2,1",12642,Germany
564216,POST,POSTAGE,2,8/24/11 9:23,18,12642,Germany
564309,23189,SET OF 12 FORK CANDLES,6,8/24/11 12:39,"2,89",12471,Germany
564309,23294,SET OF 6 SNACK LOAF BAKING CASES,16,8/24/11 12:39,"0,83",12471,Germany
564309,23293,SET OF 12 FAIRY CAKE BAKING CASES,16,8/24/11 12:39,"0,83",12471,Germany
564309,23295,SET OF 12 MINI LOAF BAKING CASES,16,8/24/11 12:39,"0,83",12471,Germany
564309,23297,SET 40 HEART SHAPE PETIT FOUR CASES,16,8/24/11 12:39,"1,65",12471,Germany
564328,20719,WOODLAND CHARLOTTE BAG,20,8/24/11 13:42,"0,85",12662,Germany
564328,23204,CHARLOTTE BAG APPLES DESIGN,10,8/24/11 13:42,"0,85",12662,Germany
564328,20712,JUMBO BAG WOODLAND ANIMALS,10,8/24/11 13:42,"2,08",12662,Germany
564328,20713,JUMBO BAG OWLS,10,8/24/11 13:42,"2,08",12662,Germany
564328,23200,JUMBO BAG PEARS,10,8/24/11 13:42,"2,08",12662,Germany
564328,23202,JUMBO BAG VINTAGE LEAF,10,8/24/11 13:42,"2,08",12662,Germany
564328,22326,ROUND SNACK BOXES SET OF4 WOODLAND,12,8/24/11 13:42,"2,95",12662,Germany
564328,22328,ROUND SNACK BOXES SET OF 4 FRUITS,6,8/24/11 13:42,"2,95",12662,Germany
564328,22631,CIRCUS PARADE LUNCH BOX,12,8/24/11 13:42,"1,95",12662,Germany
564328,22505,MEMO BOARD COTTAGE DESIGN,4,8/24/11 13:42,"4,95",12662,Germany
564328,22176,BLUE OWL SOFT TOY,6,8/24/11 13:42,"2,95",12662,Germany
564328,22898,CHILDRENS APRON APPLES DESIGN,8,8/24/11 13:42,"1,95",12662,Germany
564328,23108,SET OF 10 LED DOLLY LIGHTS,2,8/24/11 13:42,"6,25",12662,Germany
564328,22779,WOODEN OWLS LIGHT GARLAND,4,8/24/11 13:42,"4,25",12662,Germany
564328,21121,SET/10 RED POLKADOT PARTY CANDLES,24,8/24/11 13:42,"1,25",12662,Germany
564328,22331,WOODLAND PARTY BAG + STICKER SET,8,8/24/11 13:42,"1,65",12662,Germany
564328,22244,3 HOOK HANGER MAGIC GARDEN,12,8/24/11 13:42,"1,95",12662,Germany
564328,21244,BLUE POLKADOT PLATE,8,8/24/11 13:42,"1,69",12662,Germany
564328,POST,POSTAGE,2,8/24/11 13:42,18,12662,Germany
564329,21232,STRAWBERRY CERAMIC TRINKET BOX,24,8/24/11 13:55,"1,25",12569,Germany
564329,23180,MUM'S KITCHEN CLOCK,4,8/24/11 13:55,"4,95",12569,Germany
564329,21843,RED RETROSPOT CAKE STAND,1,8/24/11 13:55,"10,95",12569,Germany
564329,POST,POSTAGE,2,8/24/11 13:55,18,12569,Germany
C564331,POST,POSTAGE,-1,8/24/11 13:57,18,12569,Germany
564337,22326,ROUND SNACK BOXES SET OF4 WOODLAND,24,8/24/11 14:40,"2,95",12649,Germany
564337,22328,ROUND SNACK BOXES SET OF 4 FRUITS,6,8/24/11 14:40,"2,95",12649,Germany
564337,16259,PIECE OF CAMO STATIONERY SET,108,8/24/11 14:40,"0,08",12649,Germany
564337,22610,PENS ASSORTED FUNNY FACE,36,8/24/11 14:40,"0,19",12649,Germany
564337,23298,SPOTTY BUNTING,3,8/24/11 14:40,"4,95",12649,Germany
564337,22966,GINGERBREAD MAN COOKIE CUTTER,12,8/24/11 14:40,"1,25",12649,Germany
564337,10125,MINI FUNKY DESIGN TAPES,20,8/24/11 14:40,"0,85",12649,Germany
564337,16011,ANIMAL STICKERS,48,8/24/11 14:40,"0,21",12649,Germany
564337,16237,SLEEPING CAT ERASERS,30,8/24/11 14:40,"0,21",12649,Germany
564337,16238,PARTY TIME PENCIL ERASERS,28,8/24/11 14:40,"0,21",12649,Germany
564337,20992,JAZZ HEARTS PURSE NOTEBOOK,48,8/24/11 14:40,"0,39",12649,Germany
564337,84859C,PINK DISCO HANDBAG,12,8/24/11 14:40,"1,95",12649,Germany
564337,POST,POSTAGE,1,8/24/11 14:40,18,12649,Germany
564338,21559,STRAWBERRY LUNCH BOX WITH CUTLERY,6,8/24/11 14:41,"2,55",12649,Germany
564360,23155,KNICKERBOCKERGLORY MAGNET ASSORTED,12,8/24/11 16:13,"0,83",12471,Germany
564360,23159,SET OF 5 PANCAKE DAY MAGNETS,12,8/24/11 16:13,"2,08",12471,Germany
564360,23189,SET OF 12 FORK CANDLES,12,8/24/11 16:13,"2,89",12471,Germany
564360,23294,SET OF 6 SNACK LOAF BAKING CASES,16,8/24/11 16:13,"0,83",12471,Germany
564360,23293,SET OF 12 FAIRY CAKE BAKING CASES,16,8/24/11 16:13,"0,83",12471,Germany
564360,23295,SET OF 12 MINI LOAF BAKING CASES,16,8/24/11 16:13,"0,83",12471,Germany
564360,23297,SET 40 HEART SHAPE PETIT FOUR CASES,16,8/24/11 16:13,"1,65",12471,Germany
564360,22419,LIPSTICK PEN RED,48,8/24/11 16:13,"0,42",12471,Germany
564360,22741,FUNKY DIVA PEN,96,8/24/11 16:13,"0,85",12471,Germany
564360,23245,SET OF 3 REGENCY CAKE TINS,4,8/24/11 16:13,"4,95",12471,Germany
564360,23238,SET OF 4 KNICK KNACK TINS LONDON,6,8/24/11 16:13,"4,15",12471,Germany
564360,23236,STORAGE TIN VINTAGE DOILY,6,8/24/11 16:13,"2,89",12471,Germany
564360,23198,PANTRY MAGNETIC  SHOPPING LIST,12,8/24/11 16:13,"1,45",12471,Germany
564360,23197,SKETCHBOOK MAGNETIC SHOPPING LIST,12,8/24/11 16:13,"1,45",12471,Germany
564360,23241,TREASURE TIN GYMKHANA DESIGN,6,8/24/11 16:13,"2,08",12471,Germany
564360,21232,STRAWBERRY CERAMIC TRINKET BOX,12,8/24/11 16:13,"1,25",12471,Germany
564360,22554,PLASTERS IN TIN WOODLAND ANIMALS,12,8/24/11 16:13,"1,65",12471,Germany
564360,22077,6 RIBBONS RUSTIC CHARM,12,8/24/11 16:13,"1,65",12471,Germany
564360,22813,PACK 3 BOXES BIRD PANNETONE,12,8/24/11 16:13,"1,95",12471,Germany
564360,23308,SET OF 60 VINTAGE LEAF CAKE CASES,24,8/24/11 16:13,"0,55",12471,Germany
564360,23309,SET OF 60 I LOVE LONDON CAKE CASES,24,8/24/11 16:13,"0,55",12471,Germany
564360,23240,SET OF 4 KNICK KNACK TINS DOILY,6,8/24/11 16:13,"4,15",12471,Germany
564360,POST,POSTAGE,3,8/24/11 16:13,18,12471,Germany
564367,15056P,EDWARDIAN PARASOL PINK,9,8/25/11 9:18,"5,95",12712,Germany
564367,15056N,EDWARDIAN PARASOL NATURAL,9,8/25/11 9:18,"5,95",12712,Germany
564367,15056BL,EDWARDIAN PARASOL BLACK,3,8/25/11 9:18,"5,95",12712,Germany
564367,21683,MEDIUM MEDINA STAMPED METAL BOWL,6,8/25/11 9:18,"2,95",12712,Germany
564367,22139,RETROSPOT TEA SET CERAMIC 11 PC,3,8/25/11 9:18,"4,95",12712,Germany
564367,22492,MINI PAINT SET VINTAGE,36,8/25/11 9:18,"0,65",12712,Germany
564367,16014,SMALL CHINESE STYLE SCISSOR,20,8/25/11 9:18,"0,42",12712,Germany
564367,16016,LARGE CHINESE STYLE SCISSOR,20,8/25/11 9:18,"0,85",12712,Germany
564367,22427,ENAMEL FLOWER JUG CREAM,3,8/25/11 9:18,"5,95",12712,Germany
564367,POST,POSTAGE,1,8/25/11 9:18,18,12712,Germany
564475,23210,WHITE ROCKING HORSE HAND PAINTED,72,8/25/11 12:50,"1,25",12500,Germany
564475,23211,RED ROCKING HORSE HAND PAINTED,72,8/25/11 12:50,"1,25",12500,Germany
564475,23212,HEART WREATH DECORATION WITH BELL,72,8/25/11 12:50,"1,25",12500,Germany
564475,23213,STAR WREATH DECORATION WITH BELL,72,8/25/11 12:50,"1,25",12500,Germany
564475,POST,POSTAGE,1,8/25/11 12:50,18,12500,Germany
564638,22980,PANTRY SCRUBBING BRUSH,12,8/26/11 12:54,"1,65",13812,Germany
564638,22138,BAKING SET 9 PIECE RETROSPOT,3,8/26/11 12:54,"4,95",13812,Germany
564638,22739,RIBBON REEL CHRISTMAS SOCK BAUBLE,10,8/26/11 12:54,"1,65",13812,Germany
564638,23285,PINK VINTAGE SPOT BEAKER,8,8/26/11 12:54,"0,85",13812,Germany
564638,22326,ROUND SNACK BOXES SET OF4 WOODLAND,6,8/26/11 12:54,"2,95",13812,Germany
564638,20963,APPLE BATH SPONGE,10,8/26/11 12:54,"1,25",13812,Germany
564638,85014B,RED RETROSPOT UMBRELLA,3,8/26/11 12:54,"5,95",13812,Germany
564638,21739,COSY SLIPPER SHOES SMALL GREEN,6,8/26/11 12:54,"2,95",13812,Germany
564638,21125,SET 6 FOOTBALL CELEBRATION CANDLES,12,8/26/11 12:54,"1,25",13812,Germany
564638,22452,MEASURING TAPE BABUSHKA PINK,6,8/26/11 12:54,"2,95",13812,Germany
564638,22080,RIBBON REEL POLKADOTS,10,8/26/11 12:54,"1,65",13812,Germany
564638,23293,SET OF 12 FAIRY CAKE BAKING CASES,8,8/26/11 12:54,"0,83",13812,Germany
564638,21976,PACK OF 60 MUSHROOM CAKE CASES,24,8/26/11 12:54,"0,55",13812,Germany
564638,23247,BISCUIT TIN 50'S CHRISTMAS,6,8/26/11 12:54,"2,89",13812,Germany
564638,23286,BLUE VINTAGE SPOT BEAKER,8,8/26/11 12:54,"0,85",13812,Germany
564638,21981,PACK OF 12 WOODLAND TISSUES,24,8/26/11 12:54,"0,29",13812,Germany
564638,20983,12 PENCILS TALL TUBE RED RETROSPOT,12,8/26/11 12:54,"0,85",13812,Germany
564638,20981,12 PENCILS TALL TUBE WOODLAND,12,8/26/11 12:54,"0,85",13812,Germany
564638,22737,RIBBON REEL CHRISTMAS PRESENT,10,8/26/11 12:54,"1,65",13812,Germany
564638,POST,POSTAGE,1,8/26/11 12:54,18,13812,Germany
564666,21578,WOODLAND DESIGN  COTTON TOTE BAG,6,8/26/11 14:51,"2,25",12492,Germany
564666,16169E,WRAP 50'S  CHRISTMAS,25,8/26/11 14:51,"0,42",12492,Germany
564666,22815,CARD PSYCHEDELIC APPLES,12,8/26/11 14:51,"0,42",12492,Germany
564666,84931B,BLUE SCOTTIE DOG W FLOWER PATTERN,6,8/26/11 14:51,"2,55",12492,Germany
564666,22445,PENCIL CASE LIFE IS BEAUTIFUL,6,8/26/11 14:51,"2,95",12492,Germany
564666,21481,FAWN BLUE HOT WATER BOTTLE,6,8/26/11 14:51,"2,95",12492,Germany
564666,22111,SCOTTIE DOG HOT WATER BOTTLE,3,8/26/11 14:51,"4,95",12492,Germany
564666,21484,CHICK GREY HOT WATER BOTTLE,4,8/26/11 14:51,"3,45",12492,Germany
564666,POST,POSTAGE,1,8/26/11 14:51,18,12492,Germany
564749,23317,BLUE REFECTORY CLOCK,2,8/30/11 8:15,"9,95",12708,Germany
564749,23242,TREASURE TIN BUFFALO BILL,6,8/30/11 8:15,"2,08",12708,Germany
564749,85053,FRENCH ENAMEL CANDLEHOLDER,6,8/30/11 8:15,"2,1",12708,Germany
564749,22990,COTTON APRON PANTRY DESIGN,2,8/30/11 8:15,"4,95",12708,Germany
564749,22963,JAM JAR WITH GREEN LID,12,8/30/11 8:15,"0,85",12708,Germany
564749,23253,16 PIECE CUTLERY SET PANTRY DESIGN,2,8/30/11 8:15,"15,95",12708,Germany
564749,22627,MINT KITCHEN SCALES,2,8/30/11 8:15,"8,5",12708,Germany
564749,22727,ALARM CLOCK BAKELIKE RED,4,8/30/11 8:15,"3,75",12708,Germany
564749,22728,ALARM CLOCK BAKELIKE PINK,4,8/30/11 8:15,"3,75",12708,Germany
564749,23013,GLASS APOTHECARY BOTTLE TONIC,4,8/30/11 8:15,"3,95",12708,Germany
564749,22326,ROUND SNACK BOXES SET OF4 WOODLAND,12,8/30/11 8:15,"2,95",12708,Germany
564749,22328,ROUND SNACK BOXES SET OF 4 FRUITS,12,8/30/11 8:15,"2,95",12708,Germany
564749,84968F,SET OF 16 VINTAGE SKY BLUE CUTLERY,1,8/30/11 8:15,"12,75",12708,Germany
564749,84968C,SET OF 16 VINTAGE PISTACHIO CUTLERY,1,8/30/11 8:15,"12,75",12708,Germany
564749,84968D,SET OF 16 VINTAGE RED CUTLERY,1,8/30/11 8:15,"12,75",12708,Germany
564749,POST,POSTAGE,2,8/30/11 8:15,18,12708,Germany
564749,22556,PLASTERS IN TIN CIRCUS PARADE,12,8/30/11 8:15,"1,65",12708,Germany
564749,22555,PLASTERS IN TIN STRONGMAN,12,8/30/11 8:15,"1,65",12708,Germany
564749,22554,PLASTERS IN TIN WOODLAND ANIMALS,12,8/30/11 8:15,"1,65",12708,Germany
564749,22553,PLASTERS IN TIN SKULLS,12,8/30/11 8:15,"1,65",12708,Germany
564749,22551,PLASTERS IN TIN SPACEBOY,12,8/30/11 8:15,"1,65",12708,Germany
564856,23245,SET OF 3 REGENCY CAKE TINS,4,8/31/11 9:11,"4,95",12477,Germany
564856,23287,RED VINTAGE SPOT BEAKER,8,8/31/11 9:11,"0,85",12477,Germany
564856,23288,GREEN VINTAGE SPOT BEAKER,8,8/31/11 9:11,"0,85",12477,Germany
564856,20718,RED RETROSPOT SHOPPER BAG,10,8/31/11 9:11,"1,25",12477,Germany
564856,85099B,JUMBO BAG RED RETROSPOT,10,8/31/11 9:11,"2,08",12477,Germany
564856,22377,BOTTLE BAG RETROSPOT,5,8/31/11 9:11,"2,1",12477,Germany
564856,21429,RED GINGHAM ROSE JEWELLERY BOX,8,8/31/11 9:11,"1,95",12477,Germany
564856,20750,RED RETROSPOT MINI CASES,10,8/31/11 9:11,"7,95",12477,Germany
564856,21706,FOLDING UMBRELLA RED/WHITE POLKADOT,4,8/31/11 9:11,"4,95",12477,Germany
564856,22111,SCOTTIE DOG HOT WATER BOTTLE,6,8/31/11 9:11,"4,95",12477,Germany
564856,35598B,BLACK CHRISTMAS TREE 60CM,18,8/31/11 9:11,"2,95",12477,Germany
564856,35599B,BLACK CHRISTMAS TREE 120CM,12,8/31/11 9:11,"7,25",12477,Germany
564856,21494,ROTATING LEAVES T-LIGHT HOLDER,24,8/31/11 9:11,"1,25",12477,Germany
564856,84347,ROTATING SILVER ANGELS T-LIGHT HLDR,60,8/31/11 9:11,"2,55",12477,Germany
564856,23110,PARISIENNE KEY CABINET,4,8/31/11 9:11,"5,75",12477,Germany
564856,84687,BEACH HUT SHELF W 3 DRAWERS,4,8/31/11 9:11,"5,95",12477,Germany
564856,82486,WOOD S/3 CABINET ANT WHITE FINISH,10,8/31/11 9:11,"8,95",12477,Germany
564856,22173,METAL 4 HOOK HANGER FRENCH CHATEAU,32,8/31/11 9:11,"2,55",12477,Germany
564856,20685,DOORMAT RED RETROSPOT,10,8/31/11 9:11,"6,75",12477,Germany
564856,21523,DOORMAT FANCY FONT HOME SWEET HOME,10,8/31/11 9:11,"6,75",12477,Germany
564856,21524,DOORMAT SPOTTY HOME SWEET HOME,20,8/31/11 9:11,"6,75",12477,Germany
564856,48173C,DOORMAT BLACK FLOCK,6,8/31/11 9:11,"7,95",12477,Germany
564856,48185,DOORMAT FAIRY CAKE,4,8/31/11 9:11,"7,95",12477,Germany
564856,48188,DOORMAT WELCOME PUPPIES,4,8/31/11 9:11,"7,95",12477,Germany
564856,48194,DOORMAT HEARTS,8,8/31/11 9:11,"7,95",12477,Germany
564856,23107,WHITE HEARTS WIRE PLANT POT HOLDER,8,8/31/11 9:11,"2,89",12477,Germany
564856,22431,WATERING CAN BLUE ELEPHANT,6,8/31/11 9:11,"1,95",12477,Germany
564856,84356,POMPOM CURTAIN,12,8/31/11 9:11,"5,95",12477,Germany
564856,22508,DOORSTOP RETROSPOT HEART,4,8/31/11 9:11,"3,75",12477,Germany
564856,21672,WHITE SPOT RED CERAMIC DRAWER KNOB,12,8/31/11 9:11,"1,25",12477,Germany
564856,21668,RED STRIPE CERAMIC DRAWER KNOB,12,8/31/11 9:11,"1,25",12477,Germany
564856,22325,MOBILE VINTAGE HEARTS,3,8/31/11 9:11,"4,95",12477,Germany
564856,15044A,PINK PAPER PARASOL,6,8/31/11 9:11,"2,95",12477,Germany
564856,21164,HOME SWEET HOME METAL SIGN,18,8/31/11 9:11,"2,95",12477,Germany
564856,22193,RED DINER WALL CLOCK,2,8/31/11 9:11,"8,5",12477,Germany
564856,22212,FOUR HOOK  WHITE LOVEBIRDS,18,8/31/11 9:11,"2,1",12477,Germany
564856,23146,TRIPLE HOOK ANTIQUE IVORY ROSE,8,8/31/11 9:11,"3,29",12477,Germany
564856,84406B,CREAM CUPID HEARTS COAT HANGER,32,8/31/11 9:11,"3,75",12477,Germany
564856,21206,STRAWBERRY HONEYCOMB  GARLAND,12,8/31/11 9:11,"1,65",12477,Germany
564856,21559,STRAWBERRY LUNCH BOX WITH CUTLERY,6,8/31/11 9:11,"2,55",12477,Germany
564856,22329,ROUND CONTAINER SET OF 5 RETROSPOT,12,8/31/11 9:11,"1,65",12477,Germany
564856,85054,FRENCH ENAMEL POT W LID,6,8/31/11 9:11,"2,95",12477,Germany
564856,23243,SET OF TEA COFFEE SUGAR TINS PANTRY,8,8/31/11 9:11,"4,95",12477,Germany
564856,22199,FRYING PAN RED RETROSPOT,8,8/31/11 9:11,"4,25",12477,Germany
564856,22207,FRYING PAN UNION FLAG,4,8/31/11 9:11,"4,25",12477,Germany
564856,22200,FRYING PAN PINK POLKADOT,4,8/31/11 9:11,"4,25",12477,Germany
564856,84050,PINK HEART SHAPE EGG FRYING PAN,12,8/31/11 9:11,"1,65",12477,Germany
564856,22897,OVEN MITT APPLES DESIGN,10,8/31/11 9:11,"1,45",12477,Germany
564856,22846,BREAD BIN DINER STYLE RED,3,8/31/11 9:11,"16,95",12477,Germany
564856,22378,WALL TIDY RETROSPOT,5,8/31/11 9:11,"2,1",12477,Germany
564856,22896,PEG BAG APPLES DESIGN,12,8/31/11 9:11,"2,55",12477,Germany
564856,23094,LE GRAND TRAY CHIC SET,3,8/31/11 9:11,"12,5",12477,Germany
564856,22625,RED KITCHEN SCALES,10,8/31/11 9:11,"8,5",12477,Germany
564856,20754,RETROSPOT RED WASHING UP GLOVES,6,8/31/11 9:11,"2,1",12477,Germany
564856,21217,RED RETROSPOT ROUND CAKE TINS,3,8/31/11 9:11,"9,95",12477,Germany
564856,22840,ROUND CAKE TIN VINTAGE RED,4,8/31/11 9:11,"7,95",12477,Germany
564856,22723,SET OF 6 HERB TINS SKETCHBOOK,48,8/31/11 9:11,"3,45",12477,Germany
564856,21086,SET/6 RED SPOTTY PAPER CUPS,12,8/31/11 9:11,"0,65",12477,Germany
564856,21094,SET/6 RED SPOTTY PAPER PLATES,12,8/31/11 9:11,"0,85",12477,Germany
564856,22908,PACK OF 20 NAPKINS RED APPLES,12,8/31/11 9:11,"0,85",12477,Germany
564856,21471,STRAWBERRY RAFFIA FOOD COVER,18,8/31/11 9:11,"3,75",12477,Germany
564856,21467,CHERRY CROCHET FOOD COVER,18,8/31/11 9:11,"3,75",12477,Germany
564856,21539,RED RETROSPOT BUTTER DISH,18,8/31/11 9:11,"4,25",12477,Germany
564856,84968A,SET OF 16 VINTAGE ROSE CUTLERY,24,8/31/11 9:11,"10,95",12477,Germany
564856,84968C,SET OF 16 VINTAGE PISTACHIO CUTLERY,5,8/31/11 9:11,"12,75",12477,Germany
564856,84968E,SET OF 16 VINTAGE BLACK CUTLERY,24,8/31/11 9:11,"10,95",12477,Germany
564856,84968F,SET OF 16 VINTAGE SKY BLUE CUTLERY,24,8/31/11 9:11,"10,95",12477,Germany
564856,20676,RED RETROSPOT BOWL,16,8/31/11 9:11,"1,25",12477,Germany
564856,22304,COFFEE MUG BLUE PAISLEY DESIGN,6,8/31/11 9:11,"2,55",12477,Germany
564856,22894,TABLECLOTH RED APPLES DESIGN,10,8/31/11 9:11,"9,95",12477,Germany
564856,84997B,CHILDRENS CUTLERY RETROSPOT RED,12,8/31/11 9:11,"4,15",12477,Germany
564856,22262,FELT EGG COSY CHICKEN,36,8/31/11 9:11,"0,85",12477,Germany
564856,21700,BIG DOUGHNUT FRIDGE MAGNETS,12,8/31/11 9:11,"0,85",12477,Germany
564856,23154,SET OF 4 JAM JAR MAGNETS,12,8/31/11 9:11,"2,08",12477,Germany
564856,23155,KNICKERBOCKERGLORY MAGNET ASSORTED,12,8/31/11 9:11,"0,83",12477,Germany
564856,23156,SET OF 5 MINI GROCERY MAGNETS,12,8/31/11 9:11,"2,08",12477,Germany
564856,23159,SET OF 5 PANCAKE DAY MAGNETS,12,8/31/11 9:11,"2,08",12477,Germany
564856,23158,SET OF 5 LUCKY CAT MAGNETS,12,8/31/11 9:11,"2,08",12477,Germany
564856,20767,BLUE PAISLEY JOURNAL,36,8/31/11 9:11,"2,1",12477,Germany
564856,20772,GARDEN PATH JOURNAL,12,8/31/11 9:11,"2,55",12477,Germany
564856,22505,MEMO BOARD COTTAGE DESIGN,4,8/31/11 9:11,"4,95",12477,Germany
564856,22507,MEMO BOARD RETROSPOT  DESIGN,12,8/31/11 9:11,"4,95",12477,Germany
564856,23235,STORAGE TIN VINTAGE LEAF,12,8/31/11 9:11,"2,89",12477,Germany
564856,23244,ROUND STORAGE TIN VINTAGE LEAF,6,8/31/11 9:11,"1,95",12477,Germany
564856,23236,STORAGE TIN VINTAGE DOILY,6,8/31/11 9:11,"2,89",12477,Germany
564856,23240,SET OF 4 KNICK KNACK TINS DOILY,6,8/31/11 9:11,"4,15",12477,Germany
564856,22354,RETROSPOT PADDED SEAT CUSHION,10,8/31/11 9:11,"3,75",12477,Germany
564856,47585A,PINK FAIRY CAKE CUSHION COVER,4,8/31/11 9:11,"3,75",12477,Germany
564856,22244,3 HOOK HANGER MAGIC GARDEN,96,8/31/11 9:11,"1,65",12477,Germany
564856,21155,RED RETROSPOT PEG BAG,12,8/31/11 9:11,"2,55",12477,Germany
C564913,22998,TRAVEL CARD WALLET KEEP CALM,-24,8/31/11 12:39,"0,42",12560,Germany
C564913,84030E,ENGLISH ROSE HOT WATER BOTTLE,-2,8/31/11 12:39,"4,25",12560,Germany
C564913,23174,REGENCY SUGAR BOWL GREEN,-1,8/31/11 12:39,"4,15",12560,Germany
C564913,22963,JAM JAR WITH GREEN LID,-2,8/31/11 12:39,"0,72",12560,Germany
C564913,22637,PIGGY BANK RETROSPOT,-2,8/31/11 12:39,"2,1",12560,Germany
C564913,22960,JAM MAKING SET WITH JARS,-1,8/31/11 12:39,"4,25",12560,Germany
564972,23189,SET OF 12 FORK CANDLES,6,8/31/11 15:30,"2,89",12621,Germany
564972,23245,SET OF 3 REGENCY CAKE TINS,4,8/31/11 15:30,"4,95",12621,Germany
564972,23318,BOX OF 6 MINI VINTAGE CRACKERS,6,8/31/11 15:30,"2,49",12621,Germany
564972,23319,BOX OF 6 MINI 50'S CRACKERS,6,8/31/11 15:30,"2,49",12621,Germany
564972,23320,GIANT 50'S CHRISTMAS CRACKER,12,8/31/11 15:30,"2,89",12621,Germany
564972,23344,JUMBO BAG 50'S CHRISTMAS,10,8/31/11 15:30,"2,08",12621,Germany
564972,23353,6 GIFT TAGS VINTAGE CHRISTMAS,12,8/31/11 15:30,"0,83",12621,Germany
564972,23354,6 GIFT TAGS 50'S CHRISTMAS,12,8/31/11 15:30,"0,83",12621,Germany
564972,23373,VINTAGE CHRISTMAS PAPER GIFT BAG,10,8/31/11 15:30,"0,82",12621,Germany
564972,23374,RED SPOT PAPER GIFT BAG,10,8/31/11 15:30,"0,82",12621,Germany
564972,23437,50'S CHRISTMAS GIFT BAG LARGE,12,8/31/11 15:30,"1,25",12621,Germany
564972,23375,50'S CHRISTMAS PAPER GIFT BAG,10,8/31/11 15:30,"0,82",12621,Germany
564972,23433,HANGING QUILTED PATCHWORK APPLES,12,8/31/11 15:30,"0,83",12621,Germany
564972,23438,RED SPOT GIFT BAG LARGE,12,8/31/11 15:30,"1,25",12621,Germany
564972,23436,VINTAGE CHRISTMAS GIFT BAG LARGE,12,8/31/11 15:30,"1,25",12621,Germany
564972,21311,SET/4 BIRD MIRROR MAGNETS,24,8/31/11 15:30,"0,29",12621,Germany
564972,21212,PACK OF 72 RETROSPOT CAKE CASES,24,8/31/11 15:30,"0,55",12621,Germany
564972,22423,REGENCY CAKESTAND 3 TIER,16,8/31/11 15:30,"10,95",12621,Germany
564972,85099B,JUMBO BAG RED RETROSPOT,10,8/31/11 15:30,"2,08",12621,Germany
564972,21931,JUMBO STORAGE BAG SUKI,10,8/31/11 15:30,"2,08",12621,Germany
564972,22386,JUMBO BAG PINK POLKADOT,10,8/31/11 15:30,"2,08",12621,Germany
564972,23203,JUMBO BAG VINTAGE DOILY,10,8/31/11 15:30,"2,08",12621,Germany
564972,22580,ADVENT CALENDAR GINGHAM SACK,3,8/31/11 15:30,"5,95",12621,Germany
564972,22752,SET 7 BABUSHKA NESTING BOXES,10,8/31/11 15:30,"8,5",12621,Germany
564972,22813,PACK 3 BOXES BIRD PANNETONE,12,8/31/11 15:30,"1,95",12621,Germany
564972,22652,TRAVEL SEWING KIT,10,8/31/11 15:30,"1,65",12621,Germany
564972,22077,6 RIBBONS RUSTIC CHARM,12,8/31/11 15:30,"1,65",12621,Germany
564972,85049G,CHOCOLATE BOX RIBBONS,12,8/31/11 15:30,"1,25",12621,Germany
564972,85049E,SCANDINAVIAN REDS RIBBONS,12,8/31/11 15:30,"1,25",12621,Germany
564972,23126,FELTCRAFT GIRL AMELIE KIT,4,8/31/11 15:30,"4,95",12621,Germany
564972,23174,REGENCY SUGAR BOWL GREEN,4,8/31/11 15:30,"4,15",12621,Germany
564972,23172,REGENCY TEA PLATE PINK,12,8/31/11 15:30,"1,65",12621,Germany
564972,23170,REGENCY TEA PLATE ROSES,12,8/31/11 15:30,"1,65",12621,Germany
564972,23171,REGENCY TEA PLATE GREEN,12,8/31/11 15:30,"1,65",12621,Germany
564972,22698,PINK REGENCY TEACUP AND SAUCER,6,8/31/11 15:30,"2,95",12621,Germany
564972,22699,ROSES REGENCY TEACUP AND SAUCER,6,8/31/11 15:30,"2,95",12621,Germany
564972,22697,GREEN REGENCY TEACUP AND SAUCER,6,8/31/11 15:30,"2,95",12621,Germany
564972,21871,SAVE THE PLANET MUG,12,8/31/11 15:30,"1,25",12621,Germany
564972,23173,REGENCY TEAPOT ROSES,2,8/31/11 15:30,"9,95",12621,Germany
564972,23084,RABBIT NIGHT LIGHT,24,8/31/11 15:30,"1,79",12621,Germany
564972,22175,PINK OWL SOFT TOY,6,8/31/11 15:30,"2,95",12621,Germany
564972,22176,BLUE OWL SOFT TOY,6,8/31/11 15:30,"2,95",12621,Germany
564972,20977,36 PENCILS TUBE WOODLAND,16,8/31/11 15:30,"1,25",12621,Germany
564972,20997,ROSE DU SUD CUSHION COVER,3,8/31/11 15:30,"4,95",12621,Germany
564972,22041,"\"RECORD FRAME 7\"\" SINGLE SIZE \"",6,8/31/11 15:30,"2,55",12621,Germany
564972,21484,CHICK GREY HOT WATER BOTTLE,4,8/31/11 15:30,"3,45",12621,Germany
564972,21481,FAWN BLUE HOT WATER BOTTLE,6,8/31/11 15:30,"2,95",12621,Germany
564972,23236,STORAGE TIN VINTAGE DOILY,6,8/31/11 15:30,"2,89",12621,Germany
564972,23198,PANTRY MAGNETIC  SHOPPING LIST,12,8/31/11 15:30,"1,45",12621,Germany
564972,POST,POSTAGE,6,8/31/11 15:30,18,12621,Germany
C565085,23079,TOADSTOOL BEDSIDE LIGHT,-2,9/1/11 9:40,"8,95",12474,Germany
C565089,22553,PLASTERS IN TIN SKULLS,-12,9/1/11 10:27,"1,65",12645,Germany
C565227,85053,FRENCH ENAMEL CANDLEHOLDER,-1,9/2/11 9:06,"2,1",12708,Germany
565261,84997D,CHILDRENS CUTLERY POLKADOT PINK,4,9/2/11 10:53,"4,15",12474,Germany
565261,23254,CHILDRENS CUTLERY DOLLY GIRL,4,9/2/11 10:53,"4,15",12474,Germany
565261,23255,CHILDRENS CUTLERY CIRCUS PARADE,4,9/2/11 10:53,"4,15",12474,Germany
565261,23256,CHILDRENS CUTLERY SPACEBOY,4,9/2/11 10:53,"4,15",12474,Germany
565261,21096,SET/6 FRUIT SALAD  PAPER PLATES,12,9/2/11 10:53,"0,39",12474,Germany
565261,22555,PLASTERS IN TIN STRONGMAN,12,9/2/11 10:53,"1,65",12474,Germany
565261,22569,FELTCRAFT CUSHION BUTTERFLY,4,9/2/11 10:53,"3,75",12474,Germany
565261,22352,LUNCH BOX WITH CUTLERY RETROSPOT,12,9/2/11 10:53,"2,55",12474,Germany
565261,22907,PACK OF 20 NAPKINS PANTRY DESIGN,12,9/2/11 10:53,"0,85",12474,Germany
565261,23307,SET OF 60 PANTRY DESIGN CAKE CASES,24,9/2/11 10:53,"0,55",12474,Germany
565261,21088,SET/6 FRUIT SALAD PAPER CUPS,48,9/2/11 10:53,"0,19",12474,Germany
565261,22467,GUMBALL COAT RACK,12,9/2/11 10:53,"2,55",12474,Germany
565261,23293,SET OF 12 FAIRY CAKE BAKING CASES,8,9/2/11 10:53,"0,83",12474,Germany
565261,22302,COFFEE MUG PEARS  DESIGN,6,9/2/11 10:53,"2,55",12474,Germany
565261,21914,BLUE HARMONICA IN BOX,12,9/2/11 10:53,"1,25",12474,Germany
565261,22908,PACK OF 20 NAPKINS RED APPLES,12,9/2/11 10:53,"0,85",12474,Germany
565261,22613,PACK OF 20 SPACEBOY NAPKINS,24,9/2/11 10:53,"0,85",12474,Germany
565261,22029,SPACEBOY BIRTHDAY CARD,12,9/2/11 10:53,"0,42",12474,Germany
565261,23207,LUNCH BAG ALPHABET DESIGN,10,9/2/11 10:53,"1,65",12474,Germany
565261,22326,ROUND SNACK BOXES SET OF4 WOODLAND,12,9/2/11 10:53,"2,95",12474,Germany
565261,POST,POSTAGE,2,9/2/11 10:53,18,12474,Germany
565261,21121,SET/10 RED POLKADOT PARTY CANDLES,24,9/2/11 10:53,"1,25",12474,Germany
565261,22331,WOODLAND PARTY BAG + STICKER SET,8,9/2/11 10:53,"1,65",12474,Germany
565261,22322,BIRD DECORATION GREEN POLKADOT,12,9/2/11 10:53,"0,85",12474,Germany
565261,22333,RETROSPOT PARTY BAG + STICKER SET,8,9/2/11 10:53,"1,65",12474,Germany
565261,20682,RED RETROSPOT CHILDRENS UMBRELLA,12,9/2/11 10:53,"3,25",12474,Germany
C565284,23245,SET OF 3 REGENCY CAKE TINS,-2,9/2/11 11:31,"4,95",12471,Germany
C565284,23241,TREASURE TIN GYMKHANA DESIGN,-1,9/2/11 11:31,"2,08",12471,Germany
C565284,23198,PANTRY MAGNETIC  SHOPPING LIST,-1,9/2/11 11:31,"1,45",12471,Germany
C565284,23197,SKETCHBOOK MAGNETIC SHOPPING LIST,-1,9/2/11 11:31,"1,45",12471,Germany
C565284,21232,STRAWBERRY CERAMIC TRINKET BOX,-1,9/2/11 11:31,"1,25",12471,Germany
C565284,23236,STORAGE TIN VINTAGE DOILY,-1,9/2/11 11:31,"2,89",12471,Germany
C565284,22423,REGENCY CAKESTAND 3 TIER,-6,9/2/11 11:31,"10,95",12471,Germany
565416,23290,SPACEBOY CHILDRENS BOWL,8,9/4/11 12:00,"1,25",12710,Germany
565416,23292,SPACEBOY CHILDRENS CUP,8,9/4/11 12:00,"1,25",12710,Germany
565416,23291,DOLLY GIRL CHILDRENS CUP,8,9/4/11 12:00,"1,25",12710,Germany
565416,23289,DOLLY GIRL CHILDRENS BOWL,8,9/4/11 12:00,"1,25",12710,Germany
565416,22819,"BIRTHDAY CARD, RETRO SPOT",12,9/4/11 12:00,"0,42",12710,Germany
565416,22716,CARD CIRCUS PARADE,12,9/4/11 12:00,"0,42",12710,Germany
565416,22029,SPACEBOY BIRTHDAY CARD,12,9/4/11 12:00,"0,42",12710,Germany
565416,22712,CARD DOLLY GIRL,12,9/4/11 12:00,"0,42",12710,Germany
565416,47590A,BLUE HAPPY BIRTHDAY BUNTING,3,9/4/11 12:00,"5,45",12710,Germany
565416,47590B,PINK HAPPY BIRTHDAY BUNTING,3,9/4/11 12:00,"5,45",12710,Germany
565416,22083,PAPER CHAIN KIT RETROSPOT,6,9/4/11 12:00,"2,95",12710,Germany
565416,22085,PAPER CHAIN KIT SKULLS,6,9/4/11 12:00,"2,95",12710,Germany
565416,21086,SET/6 RED SPOTTY PAPER CUPS,12,9/4/11 12:00,"0,65",12710,Germany
565416,21987,PACK OF 6 SKULL PAPER CUPS,12,9/4/11 12:00,"0,65",12710,Germany
565416,21988,PACK OF 6 SKULL PAPER PLATES,12,9/4/11 12:00,"0,85",12710,Germany
565416,21094,SET/6 RED SPOTTY PAPER PLATES,24,9/4/11 12:00,"0,85",12710,Germany
565416,21080,SET/20 RED RETROSPOT PAPER NAPKINS,12,9/4/11 12:00,"0,85",12710,Germany
565416,21989,PACK OF 20 SKULL PAPER NAPKINS,24,9/4/11 12:00,"0,85",12710,Germany
565416,21967,PACK OF 12 SKULL TISSUES,24,9/4/11 12:00,"0,29",12710,Germany
565416,21980,PACK OF 12 RED RETROSPOT TISSUES,24,9/4/11 12:00,"0,29",12710,Germany
565416,21986,PACK OF 12 PINK POLKADOT TISSUES,24,9/4/11 12:00,"0,29",12710,Germany
565416,21981,PACK OF 12 WOODLAND TISSUES,24,9/4/11 12:00,"0,29",12710,Germany
565416,22614,PACK OF 12 SPACEBOY TISSUES,24,9/4/11 12:00,"0,29",12710,Germany
565416,23080,RED METAL BOX TOP SECRET,4,9/4/11 12:00,"8,25",12710,Germany
565416,22197,POPCORN HOLDER,12,9/4/11 12:00,"0,85",12710,Germany
565416,22951,60 CAKE CASES DOLLY GIRL DESIGN,24,9/4/11 12:00,"0,55",12710,Germany
565416,21212,PACK OF 72 RETROSPOT CAKE CASES,24,9/4/11 12:00,"0,55",12710,Germany
565416,21213,PACK OF 72 SKULL CAKE CASES,24,9/4/11 12:00,"0,55",12710,Germany
565416,POST,POSTAGE,2,9/4/11 12:00,18,12710,Germany
565423,21581,SKULLS  DESIGN  COTTON TOTE BAG,6,9/4/11 12:23,"2,25",12569,Germany
565423,22055,MINI CAKE STAND  HANGING STRAWBERY,8,9/4/11 12:23,"1,65",12569,Germany
565423,37450,CERAMIC CAKE BOWL + HANGING CAKES,6,9/4/11 12:23,"2,95",12569,Germany
565423,21035,SET/2 RED RETROSPOT TEA TOWELS,6,9/4/11 12:23,"3,25",12569,Germany
565423,15036,ASSORTED COLOURS SILK FAN,12,9/4/11 12:23,"0,83",12569,Germany
565423,POST,POSTAGE,1,9/4/11 12:23,18,12569,Germany
565430,21908,CHOCOLATE THIS WAY METAL SIGN,3,9/4/11 13:07,"2,1",14335,Germany
565430,21899,GARAGE KEY FOB,3,9/4/11 13:07,"0,65",14335,Germany
565430,22637,PIGGY BANK RETROSPOT,8,9/4/11 13:07,"2,55",14335,Germany
565430,21892,TRADITIONAL WOODEN CATCH CUP GAME,2,9/4/11 13:07,"1,25",14335,Germany
565430,22620,4 TRADITIONAL SPINNING TOPS,2,9/4/11 13:07,"1,45",14335,Germany
565430,21890,S/6 WOODEN SKITTLES IN COTTON BAG,5,9/4/11 13:07,"3,25",14335,Germany
565430,16169E,WRAP 50'S  CHRISTMAS,25,9/4/11 13:07,"0,42",14335,Germany
565430,22704,WRAP RED APPLES,25,9/4/11 13:07,"0,42",14335,Germany
565430,16169K,WRAP FOLK ART,25,9/4/11 13:07,"0,42",14335,Germany
565430,23232,WRAP VINTAGE LEAF DESIGN,25,9/4/11 13:07,"0,42",14335,Germany
565430,23547,WRAP FLOWER SHOP,25,9/4/11 13:07,"0,42",14335,Germany
565430,23233,WRAP POPPIES  DESIGN,25,9/4/11 13:07,"0,42",14335,Germany
565430,21715,GIRLS VINTAGE TIN SEASIDE BUCKET,2,9/4/11 13:07,"2,55",14335,Germany
565430,22673,FRENCH GARDEN SIGN BLUE METAL,6,9/4/11 13:07,"1,25",14335,Germany
565430,16258A,SWIRLY CIRCULAR RUBBERS IN BAG,4,9/4/11 13:07,"0,42",14335,Germany
565430,21917,SET 12 KIDS  WHITE CHALK STICKS,5,9/4/11 13:07,"0,42",14335,Germany
565430,22035,VINTAGE CARAVAN GREETING CARD,12,9/4/11 13:07,"0,42",14335,Germany
565430,22371,AIRLINE BAG VINTAGE TOKYO 78,4,9/4/11 13:07,"4,25",14335,Germany
565430,22372,AIRLINE BAG VINTAGE WORLD CHAMPION,3,9/4/11 13:07,"4,25",14335,Germany
565430,22375,AIRLINE BAG VINTAGE JET SET BROWN,1,9/4/11 13:07,"4,25",14335,Germany
565430,22375,AIRLINE BAG VINTAGE JET SET BROWN,1,9/4/11 13:07,"4,25",14335,Germany
565430,21452,TOADSTOOL MONEY BOX,3,9/4/11 13:07,"2,95",14335,Germany
565430,22507,MEMO BOARD RETROSPOT  DESIGN,1,9/4/11 13:07,"4,95",14335,Germany
565430,22893,MINI CAKE STAND T-LIGHT HOLDER,48,9/4/11 13:07,"0,42",14335,Germany
565430,22174,PHOTO CUBE,12,9/4/11 13:07,"1,65",14335,Germany
565430,15039,SANDALWOOD FAN,1,9/4/11 13:07,"0,85",14335,Germany
565430,84806B,WHITE CANDYSTUFT ARTIFICIAL FLOWER,2,9/4/11 13:07,"1,45",14335,Germany
565430,84806A,PINK CANDYSTUFT ARTIFICIAL FLOWER,2,9/4/11 13:07,"1,45",14335,Germany
565430,22941,CHRISTMAS LIGHTS 10 REINDEER,1,9/4/11 13:07,"8,5",14335,Germany
565430,22187,GREEN CHRISTMAS TREE CARD HOLDER,2,9/4/11 13:07,"4,25",14335,Germany
565430,23252,VINTAGE RED ENAMEL TRIM JUG,2,9/4/11 13:07,"3,75",14335,Germany
565430,20774,GREEN FERN NOTEBOOK,5,9/4/11 13:07,"1,65",14335,Germany
565430,22908,PACK OF 20 NAPKINS RED APPLES,10,9/4/11 13:07,"0,85",14335,Germany
565430,22624,IVORY KITCHEN SCALES,2,9/4/11 13:07,"8,5",14335,Germany
565430,22725,ALARM CLOCK BAKELIKE CHOCOLATE,2,9/4/11 13:07,"3,75",14335,Germany
565430,22725,ALARM CLOCK BAKELIKE CHOCOLATE,2,9/4/11 13:07,"3,75",14335,Germany
565430,22727,ALARM CLOCK BAKELIKE RED,2,9/4/11 13:07,"3,75",14335,Germany
565430,22729,ALARM CLOCK BAKELIKE ORANGE,2,9/4/11 13:07,"3,75",14335,Germany
565430,22302,COFFEE MUG PEARS  DESIGN,6,9/4/11 13:07,"2,55",14335,Germany
565430,22303,COFFEE MUG APPLES DESIGN,6,9/4/11 13:07,"2,55",14335,Germany
565430,22093,MOTORING TISSUE BOX,8,9/4/11 13:07,"0,39",14335,Germany
565430,22099,CARAVAN SQUARE TISSUE BOX,10,9/4/11 13:07,"0,39",14335,Germany
565440,22966,GINGERBREAD MAN COOKIE CUTTER,24,9/4/11 14:06,"1,25",12709,Germany
565440,23243,SET OF TEA COFFEE SUGAR TINS PANTRY,12,9/4/11 14:06,"4,95",12709,Germany
565440,23328,SET 6 SCHOOL MILK BOTTLES IN CRATE,12,9/4/11 14:06,"3,75",12709,Germany
565440,23306,SET OF 36 DOILIES PANTRY DESIGN,24,9/4/11 14:06,"1,45",12709,Germany
565440,23307,SET OF 60 PANTRY DESIGN CAKE CASES,48,9/4/11 14:06,"0,55",12709,Germany
565440,23198,PANTRY MAGNETIC  SHOPPING LIST,12,9/4/11 14:06,"1,45",12709,Germany
565440,23298,SPOTTY BUNTING,3,9/4/11 14:06,"4,95",12709,Germany
565440,22726,ALARM CLOCK BAKELIKE GREEN,4,9/4/11 14:06,"3,75",12709,Germany
565440,22728,ALARM CLOCK BAKELIKE PINK,4,9/4/11 14:06,"3,75",12709,Germany
565440,22727,ALARM CLOCK BAKELIKE RED,4,9/4/11 14:06,"3,75",12709,Germany
565440,22729,ALARM CLOCK BAKELIKE ORANGE,4,9/4/11 14:06,"3,75",12709,Germany
565440,22730,ALARM CLOCK BAKELIKE IVORY,4,9/4/11 14:06,"3,75",12709,Germany
565440,47566,PARTY BUNTING,8,9/4/11 14:06,"4,95",12709,Germany
565440,22627,MINT KITCHEN SCALES,10,9/4/11 14:06,"8,5",12709,Germany
565440,20682,RED RETROSPOT CHILDRENS UMBRELLA,12,9/4/11 14:06,"3,25",12709,Germany
565440,47590A,BLUE HAPPY BIRTHDAY BUNTING,21,9/4/11 14:06,"5,45",12709,Germany
565440,47590B,PINK HAPPY BIRTHDAY BUNTING,21,9/4/11 14:06,"5,45",12709,Germany
565440,22354,RETROSPOT PADDED SEAT CUSHION,15,9/4/11 14:06,"3,75",12709,Germany
565440,22489,PACK OF 12 TRADITIONAL CRAYONS,24,9/4/11 14:06,"0,42",12709,Germany
565442,22629,SPACEBOY LUNCH BOX,12,9/4/11 14:09,"1,95",12627,Germany
565442,22551,PLASTERS IN TIN SPACEBOY,24,9/4/11 14:09,"1,65",12627,Germany
565442,23256,CHILDRENS CUTLERY SPACEBOY,8,9/4/11 14:09,"4,15",12627,Germany
565442,22382,LUNCH BAG SPACEBOY DESIGN,30,9/4/11 14:09,"1,65",12627,Germany
565442,23290,SPACEBOY CHILDRENS BOWL,16,9/4/11 14:09,"1,25",12627,Germany
565442,20726,LUNCH BAG WOODLAND,30,9/4/11 14:09,"1,65",12627,Germany
565442,22326,ROUND SNACK BOXES SET OF4 WOODLAND,18,9/4/11 14:09,"2,95",12627,Germany
565442,22554,PLASTERS IN TIN WOODLAND ANIMALS,24,9/4/11 14:09,"1,65",12627,Germany
565442,21981,PACK OF 12 WOODLAND TISSUES,48,9/4/11 14:09,"0,29",12627,Germany
565442,21080,SET/20 RED RETROSPOT PAPER NAPKINS,12,9/4/11 14:09,"0,85",12627,Germany
565442,20914,SET/5 RED RETROSPOT LID GLASS BOWLS,6,9/4/11 14:09,"2,95",12627,Germany
565442,21156,RETROSPOT CHILDRENS APRON,8,9/4/11 14:09,"1,95",12627,Germany
565442,21843,RED RETROSPOT CAKE STAND,2,9/4/11 14:09,"10,95",12627,Germany
565442,21668,RED STRIPE CERAMIC DRAWER KNOB,12,9/4/11 14:09,"1,25",12627,Germany
565442,21672,WHITE SPOT RED CERAMIC DRAWER KNOB,12,9/4/11 14:09,"1,25",12627,Germany
565442,21671,RED SPOT CERAMIC DRAWER KNOB,12,9/4/11 14:09,"1,25",12627,Germany
565442,21980,PACK OF 12 RED RETROSPOT TISSUES,24,9/4/11 14:09,"0,29",12627,Germany
565442,22329,ROUND CONTAINER SET OF 5 RETROSPOT,12,9/4/11 14:09,"1,65",12627,Germany
565442,23254,CHILDRENS CUTLERY DOLLY GIRL,8,9/4/11 14:09,"4,15",12627,Germany
565442,21670,BLUE SPOT CERAMIC DRAWER KNOB,12,9/4/11 14:09,"1,25",12627,Germany
565442,22324,BLUE POLKADOT KIDS BAG,12,9/4/11 14:09,"1,95",12627,Germany
565442,22200,FRYING PAN PINK POLKADOT,4,9/4/11 14:09,"4,25",12627,Germany
565442,22356,CHARLOTTE BAG PINK POLKADOT,10,9/4/11 14:09,"0,85",12627,Germany
565442,22384,LUNCH BAG PINK POLKADOT,10,9/4/11 14:09,"1,65",12627,Germany
565442,84997D,CHILDRENS CUTLERY POLKADOT PINK,8,9/4/11 14:09,"4,15",12627,Germany
565442,21558,SKULL LUNCH BOX WITH CUTLERY,6,9/4/11 14:09,"2,55",12627,Germany
565442,22650,CERAMIC PIRATE CHEST MONEY BANK,12,9/4/11 14:09,"1,45",12627,Germany
565442,22327,ROUND SNACK BOXES SET OF 4 SKULLS,12,9/4/11 14:09,"2,95",12627,Germany
565442,21579,LOLITA  DESIGN  COTTON TOTE BAG,6,9/4/11 14:09,"2,25",12627,Germany
565442,21577,SAVE THE PLANET COTTON TOTE BAG,6,9/4/11 14:09,"2,25",12627,Germany
565442,23241,TREASURE TIN GYMKHANA DESIGN,6,9/4/11 14:09,"2,08",12627,Germany
565442,23289,DOLLY GIRL CHILDRENS BOWL,8,9/4/11 14:09,"1,25",12627,Germany
565442,23291,DOLLY GIRL CHILDRENS CUP,8,9/4/11 14:09,"1,25",12627,Germany
565442,22452,MEASURING TAPE BABUSHKA PINK,6,9/4/11 14:09,"2,95",12627,Germany
565442,22755,SMALL PURPLE BABUSHKA NOTEBOOK,12,9/4/11 14:09,"0,85",12627,Germany
565442,16045,POPART WOODEN PENCILS ASST,100,9/4/11 14:09,"0,04",12627,Germany
565442,POST,POSTAGE,3,9/4/11 14:09,18,12627,Germany
C565597,22980,PANTRY SCRUBBING BRUSH,-1,9/5/11 14:29,"1,65",12709,Germany
C565597,22666,RECIPE BOX PANTRY YELLOW DESIGN,-1,9/5/11 14:29,"2,95",12709,Germany
C565597,22625,RED KITCHEN SCALES,-1,9/5/11 14:29,"7,65",12709,Germany
C565597,21658,GLASS  BEURRE DISH,-2,9/5/11 14:29,"3,39",12709,Germany
565759,21238,RED RETROSPOT CUP,8,9/6/11 13:46,"0,85",12720,Germany
565759,21843,RED RETROSPOT CAKE STAND,1,9/6/11 13:46,"10,95",12720,Germany
565759,22625,RED KITCHEN SCALES,2,9/6/11 13:46,"8,5",12720,Germany
565759,22624,IVORY KITCHEN SCALES,2,9/6/11 13:46,"8,5",12720,Germany
565759,21981,PACK OF 12 WOODLAND TISSUES,48,9/6/11 13:46,"0,39",12720,Germany
565759,22627,MINT KITCHEN SCALES,2,9/6/11 13:46,"8,5",12720,Germany
565759,21980,PACK OF 12 RED RETROSPOT TISSUES,48,9/6/11 13:46,"0,39",12720,Germany
565759,21986,PACK OF 12 PINK POLKADOT TISSUES,24,9/6/11 13:46,"0,39",12720,Germany
565759,22667,RECIPE BOX RETROSPOT,6,9/6/11 13:46,"2,95",12720,Germany
565759,21035,SET/2 RED RETROSPOT TEA TOWELS,6,9/6/11 13:46,"3,25",12720,Germany
565759,21933,PINK VINTAGE PAISLEY PICNIC BAG,10,9/6/11 13:46,"1,65",12720,Germany
565759,21984,PACK OF 12 PINK PAISLEY TISSUES,24,9/6/11 13:46,"0,39",12720,Germany
565759,22614,PACK OF 12 SPACEBOY TISSUES,48,9/6/11 13:46,"0,39",12720,Germany
565759,21500,PINK POLKADOT WRAP,25,9/6/11 13:46,"0,42",12720,Germany
565759,23231,WRAP  VINTAGE DOILY,25,9/6/11 13:46,"0,42",12720,Germany
565759,POST,POSTAGE,3,9/6/11 13:46,18,12720,Germany
565759,23380,PACK OF 12 VINTAGE DOILY TISSUES,24,9/6/11 13:46,"0,39",12720,Germany
565759,23403,LETTER HOLDER HOME SWEET HOME,4,9/6/11 13:46,"3,75",12720,Germany
565759,23404,HOME SWEET HOME BLACKBOARD,6,9/6/11 13:46,"4,95",12720,Germany
565759,22326,ROUND SNACK BOXES SET OF4 WOODLAND,6,9/6/11 13:46,"2,95",12720,Germany
565759,21936,RED RETROSPOT PICNIC BAG,5,9/6/11 13:46,"2,95",12720,Germany
565760,20725,LUNCH BAG RED RETROSPOT,10,9/6/11 13:47,"1,65",12720,Germany
565765,20713,JUMBO BAG OWLS,10,9/6/11 14:19,"2,08",12526,Germany
565765,23203,JUMBO BAG VINTAGE DOILY,10,9/6/11 14:19,"2,08",12526,Germany
565765,23344,JUMBO BAG 50'S CHRISTMAS,10,9/6/11 14:19,"2,08",12526,Germany
565765,21429,RED GINGHAM ROSE JEWELLERY BOX,8,9/6/11 14:19,"1,95",12526,Germany
565765,20682,RED RETROSPOT CHILDRENS UMBRELLA,6,9/6/11 14:19,"3,25",12526,Germany
565765,20971,PINK BLUE FELT CRAFT TRINKET BOX,12,9/6/11 14:19,"1,25",12526,Germany
565765,22271,FELTCRAFT DOLL ROSIE,6,9/6/11 14:19,"2,95",12526,Germany
565765,22273,FELTCRAFT DOLL MOLLY,6,9/6/11 14:19,"2,95",12526,Germany
565765,22586,FELTCRAFT HAIRBAND PINK AND BLUE,12,9/6/11 14:19,"0,85",12526,Germany
565765,22326,ROUND SNACK BOXES SET OF4 WOODLAND,6,9/6/11 14:19,"2,95",12526,Germany
565765,21559,STRAWBERRY LUNCH BOX WITH CUTLERY,6,9/6/11 14:19,"2,55",12526,Germany
565765,22631,CIRCUS PARADE LUNCH BOX,12,9/6/11 14:19,"1,95",12526,Germany
565765,22659,LUNCH BOX I LOVE LONDON,12,9/6/11 14:19,"1,95",12526,Germany
565765,22551,PLASTERS IN TIN SPACEBOY,12,9/6/11 14:19,"1,65",12526,Germany
565765,22556,PLASTERS IN TIN CIRCUS PARADE,12,9/6/11 14:19,"1,65",12526,Germany
565765,22554,PLASTERS IN TIN WOODLAND ANIMALS,12,9/6/11 14:19,"1,65",12526,Germany
565765,21731,RED TOADSTOOL LED NIGHT LIGHT,12,9/6/11 14:19,"1,65",12526,Germany
565765,22209,WOOD STAMP SET HAPPY BIRTHDAY,12,9/6/11 14:19,"0,83",12526,Germany
565765,20979,36 PENCILS TUBE RED RETROSPOT,16,9/6/11 14:19,"1,25",12526,Germany
565765,20977,36 PENCILS TUBE WOODLAND,16,9/6/11 14:19,"1,25",12526,Germany
565765,23240,SET OF 4 KNICK KNACK TINS DOILY,6,9/6/11 14:19,"4,15",12526,Germany
565765,22534,MAGIC DRAWING SLATE SPACEBOY,24,9/6/11 14:19,"0,42",12526,Germany
565765,22530,MAGIC DRAWING SLATE DOLLY GIRL,24,9/6/11 14:19,"0,42",12526,Germany
565765,22531,MAGIC DRAWING SLATE CIRCUS PARADE,24,9/6/11 14:19,"0,42",12526,Germany
565765,22138,BAKING SET 9 PIECE RETROSPOT,3,9/6/11 14:19,"4,95",12526,Germany
565765,22617,BAKING SET SPACEBOY DESIGN,3,9/6/11 14:19,"4,95",12526,Germany
565765,21891,TRADITIONAL WOODEN SKIPPING ROPE,12,9/6/11 14:19,"1,45",12526,Germany
565765,21892,TRADITIONAL WOODEN CATCH CUP GAME,12,9/6/11 14:19,"1,25",12526,Germany
565765,POST,POSTAGE,2,9/6/11 14:19,18,12526,Germany
565777,21581,SKULLS  DESIGN  COTTON TOTE BAG,6,9/6/11 14:53,"2,25",12569,Germany
565777,22649,STRAWBERRY FAIRY CAKE TEAPOT,8,9/6/11 14:53,"4,95",12569,Germany
565777,47567B,TEA TIME KITCHEN APRON,6,9/6/11 14:53,"5,95",12569,Germany
565777,POST,POSTAGE,1,9/6/11 14:53,18,12569,Germany
C565925,POST,POSTAGE,-1,9/8/11 10:02,18,12471,Germany
566041,22416,SET OF 36 DOILIES SPACEBOY DESIGN,12,9/8/11 13:48,"1,45",13814,Germany
566041,21210,SET OF 72 RETROSPOT PAPER  DOILIES,12,9/8/11 13:48,"1,45",13814,Germany
566041,22417,PACK OF 60 SPACEBOY CAKE CASES,24,9/8/11 13:48,"0,55",13814,Germany
566041,23308,SET OF 60 VINTAGE LEAF CAKE CASES,24,9/8/11 13:48,"0,55",13814,Germany
566041,22951,60 CAKE CASES DOLLY GIRL DESIGN,24,9/8/11 13:48,"0,55",13814,Germany
566041,21212,PACK OF 72 RETROSPOT CAKE CASES,48,9/8/11 13:48,"0,55",13814,Germany
566041,22625,RED KITCHEN SCALES,2,9/8/11 13:48,"8,5",13814,Germany
566041,23197,SKETCHBOOK MAGNETIC SHOPPING LIST,12,9/8/11 13:48,"1,45",13814,Germany
566041,22726,ALARM CLOCK BAKELIKE GREEN,24,9/8/11 13:48,"3,75",13814,Germany
566041,22729,ALARM CLOCK BAKELIKE ORANGE,24,9/8/11 13:48,"3,75",13814,Germany
566041,22728,ALARM CLOCK BAKELIKE PINK,24,9/8/11 13:48,"3,75",13814,Germany
566041,22727,ALARM CLOCK BAKELIKE RED,24,9/8/11 13:48,"3,75",13814,Germany
566041,21122,SET/10 PINK POLKADOT PARTY CANDLES,24,9/8/11 13:48,"1,25",13814,Germany
566041,21124,SET/10 BLUE POLKADOT PARTY CANDLES,24,9/8/11 13:48,"1,25",13814,Germany
566041,21121,SET/10 RED POLKADOT PARTY CANDLES,48,9/8/11 13:48,"1,25",13814,Germany
566041,22629,SPACEBOY LUNCH BOX,24,9/8/11 13:48,"1,95",13814,Germany
566041,23228,FILIGREE HEART BIRD WHITE,24,9/8/11 13:48,"1,25",13814,Germany
566041,23226,FILIGREE HEART DAISY WHITE,24,9/8/11 13:48,"1,25",13814,Germany
566041,23236,STORAGE TIN VINTAGE DOILY,12,9/8/11 13:48,"2,89",13814,Germany
566041,21216,"SET 3 RETROSPOT TEA,COFFEE,SUGAR",8,9/8/11 13:48,"4,95",13814,Germany
566041,21539,RED RETROSPOT BUTTER DISH,6,9/8/11 13:48,"4,95",13814,Germany
566041,22964,3 PIECE SPACEBOY COOKIE CUTTER SET,12,9/8/11 13:48,"2,1",13814,Germany
566041,84380,SET OF 3 BUTTERFLY COOKIE CUTTERS,24,9/8/11 13:48,"1,45",13814,Germany
566041,84378,SET OF 3 HEART COOKIE CUTTERS,24,9/8/11 13:48,"1,45",13814,Germany
566041,23244,ROUND STORAGE TIN VINTAGE LEAF,12,9/8/11 13:48,"1,95",13814,Germany
566041,22949,36 DOILIES DOLLY GIRL,12,9/8/11 13:48,"1,45",13814,Germany
566054,20727,LUNCH BAG  BLACK SKULL.,10,9/8/11 15:04,"1,65",12592,Germany
566054,20726,LUNCH BAG WOODLAND,20,9/8/11 15:04,"1,65",12592,Germany
566054,22812,PACK 3 BOXES CHRISTMAS PANNETONE,12,9/8/11 15:04,"1,95",12592,Germany
566054,22382,LUNCH BAG SPACEBOY DESIGN,20,9/8/11 15:04,"1,65",12592,Germany
566054,22629,SPACEBOY LUNCH BOX,12,9/8/11 15:04,"1,95",12592,Germany
566054,23206,LUNCH BAG APPLE DESIGN,20,9/8/11 15:04,"1,65",12592,Germany
566054,20719,WOODLAND CHARLOTTE BAG,20,9/8/11 15:04,"0,85",12592,Germany
566054,20724,RED RETROSPOT CHARLOTTE BAG,10,9/8/11 15:04,"0,85",12592,Germany
566054,POST,POSTAGE,1,9/8/11 15:04,18,12592,Germany
566059,22625,RED KITCHEN SCALES,4,9/8/11 15:22,"8,5",12569,Germany
566059,22624,IVORY KITCHEN SCALES,4,9/8/11 15:22,"8,5",12569,Germany
566059,POST,POSTAGE,1,9/8/11 15:22,18,12569,Germany
C566084,23173,REGENCY TEAPOT ROSES,-1,9/9/11 10:11,"9,95",12621,Germany
C566084,23172,REGENCY TEA PLATE PINK,-1,9/9/11 10:11,"1,65",12621,Germany
C566084,22699,ROSES REGENCY TEACUP AND SAUCER,-6,9/9/11 10:11,"2,95",12621,Germany
C566084,22698,PINK REGENCY TEACUP AND SAUCER,-3,9/9/11 10:11,"2,95",12621,Germany
C566084,22697,GREEN REGENCY TEACUP AND SAUCER,-6,9/9/11 10:11,"2,95",12621,Germany
C566090,23155,KNICKERBOCKERGLORY MAGNET ASSORTED,-6,9/9/11 10:32,"0,83",12477,Germany
C566090,21668,RED STRIPE CERAMIC DRAWER KNOB,-12,9/9/11 10:32,"1,45",12477,Germany
C566090,20685,DOORMAT RED RETROSPOT,-10,9/9/11 10:32,"7,08",12477,Germany
566233,23196,VINTAGE LEAF MAGNETIC NOTEPAD,12,9/11/11 11:04,"1,45",12635,Germany
566233,23145,ZINC T-LIGHT HOLDER STAR LARGE,12,9/11/11 11:04,"0,95",12635,Germany
566233,23144,ZINC T-LIGHT HOLDER STARS SMALL,12,9/11/11 11:04,"0,83",12635,Germany
566233,23273,HEART T-LIGHT HOLDER WILLIE WINKIE,12,9/11/11 11:04,"1,65",12635,Germany
566233,23274,STAR T-LIGHT HOLDER WILLIE WINKIE,12,9/11/11 11:04,"1,65",12635,Germany
566233,23296,SET OF 6 TEA TIME BAKING CASES,8,9/11/11 11:04,"1,25",12635,Germany
566233,23294,SET OF 6 SNACK LOAF BAKING CASES,8,9/11/11 11:04,"0,83",12635,Germany
566233,23297,SET 40 HEART SHAPE PETIT FOUR CASES,16,9/11/11 11:04,"1,65",12635,Germany
566233,23311,VINTAGE CHRISTMAS STOCKING,6,9/11/11 11:04,"2,55",12635,Germany
566233,23326,HANGING MINI COLOURED BOTTLES,48,9/11/11 11:04,"0,63",12635,Germany
566233,23323,WHITE WICKER STAR,6,9/11/11 11:04,"2,1",12635,Germany
566233,23322,LARGE WHITE HEART OF WICKER,6,9/11/11 11:04,"2,95",12635,Germany
566233,23321,SMALL WHITE HEART OF WICKER,12,9/11/11 11:04,"1,65",12635,Germany
566233,23344,JUMBO BAG 50'S CHRISTMAS,10,9/11/11 11:04,"2,08",12635,Germany
566233,23346,SPACEBOY BEAKER,12,9/11/11 11:04,"1,25",12635,Germany
566233,23345,DOLLY GIRL BEAKER,12,9/11/11 11:04,"1,25",12635,Germany
566233,23354,6 GIFT TAGS 50'S CHRISTMAS,12,9/11/11 11:04,"0,83",12635,Germany
566233,23353,6 GIFT TAGS VINTAGE CHRISTMAS,12,9/11/11 11:04,"0,83",12635,Germany
566233,23432,PRETTY HANGING QUILTED HEARTS,12,9/11/11 11:04,"0,83",12635,Germany
566233,23433,HANGING QUILTED PATCHWORK APPLES,12,9/11/11 11:04,"0,83",12635,Germany
566233,23431,NATURAL HANGING QUILTED HEARTS,24,9/11/11 11:04,"0,83",12635,Germany
566233,16045,POPART WOODEN PENCILS ASST,100,9/11/11 11:04,"0,04",12635,Germany
566233,20984,12 PENCILS TALL TUBE POSY,24,9/11/11 11:04,"0,29",12635,Germany
566233,21402,RED  EGG  SPOON,24,9/11/11 11:04,"0,12",12635,Germany
566233,21403,BLUE EGG  SPOON,24,9/11/11 11:04,"0,12",12635,Germany
566233,22403,MAGNETS PACK OF 4 VINTAGE LABELS,12,9/11/11 11:04,"0,39",12635,Germany
566233,35810A,ENAMEL PINK COFFEE CONTAINER,12,9/11/11 11:04,"0,83",12635,Germany
566233,84929,ASSTD FRUIT+FLOWERS FRIDGE MAGNETS,24,9/11/11 11:04,"0,19",12635,Germany
566233,21249,WOODLAND  HEIGHT CHART STICKERS,6,9/11/11 11:04,"2,95",12635,Germany
566233,23247,BISCUIT TIN 50'S CHRISTMAS,6,9/11/11 11:04,"2,89",12635,Germany
566233,23198,PANTRY MAGNETIC  SHOPPING LIST,12,9/11/11 11:04,"1,45",12635,Germany
566233,23197,SKETCHBOOK MAGNETIC SHOPPING LIST,12,9/11/11 11:04,"1,45",12635,Germany
566233,22720,SET OF 3 CAKE TINS PANTRY DESIGN,3,9/11/11 11:04,"4,95",12635,Germany
566233,22979,PANTRY WASHING UP BRUSH,12,9/11/11 11:04,"1,45",12635,Germany
566233,22624,IVORY KITCHEN SCALES,2,9/11/11 11:04,"8,5",12635,Germany
566233,21843,RED RETROSPOT CAKE STAND,1,9/11/11 11:04,"10,95",12635,Germany
566233,22890,NOVELTY BISCUITS CAKE STAND 3 TIER,2,9/11/11 11:04,"9,95",12635,Germany
566233,22303,COFFEE MUG APPLES DESIGN,6,9/11/11 11:04,"2,55",12635,Germany
566233,23292,SPACEBOY CHILDRENS CUP,8,9/11/11 11:04,"1,25",12635,Germany
566233,23256,CHILDRENS CUTLERY SPACEBOY,4,9/11/11 11:04,"4,15",12635,Germany
566233,23254,CHILDRENS CUTLERY DOLLY GIRL,4,9/11/11 11:04,"4,15",12635,Germany
566233,22894,TABLECLOTH RED APPLES DESIGN,2,9/11/11 11:04,"9,95",12635,Germany
566233,23052,RECYCLED ACAPULCO MAT TURQUOISE,2,9/11/11 11:04,"8,25",12635,Germany
566233,23054,RECYCLED ACAPULCO MAT LAVENDER,2,9/11/11 11:04,"8,25",12635,Germany
566233,23050,RECYCLED ACAPULCO MAT GREEN,2,9/11/11 11:04,"8,25",12635,Germany
566233,23192,BUNDLE OF 3 ALPHABET EXERCISE BOOKS,12,9/11/11 11:04,"1,65",12635,Germany
566233,22953,BIRTHDAY PARTY CORDON BARRIER TAPE,12,9/11/11 11:04,"1,25",12635,Germany
566233,20983,12 PENCILS TALL TUBE RED RETROSPOT,12,9/11/11 11:04,"0,85",12635,Germany
566233,22585,PACK OF 6 BIRDY GIFT TAGS,12,9/11/11 11:04,"1,25",12635,Germany
566233,21380,WOODEN HAPPY BIRTHDAY GARLAND,6,9/11/11 11:04,"2,95",12635,Germany
566233,21165,BEWARE OF THE CAT METAL SIGN,12,9/11/11 11:04,"1,69",12635,Germany
566233,22467,GUMBALL COAT RACK,6,9/11/11 11:04,"2,55",12635,Germany
566233,84755,COLOUR GLASS T-LIGHT HOLDER HANGING,16,9/11/11 11:04,"0,65",12635,Germany
566233,84950,ASSORTED COLOUR T-LIGHT HOLDER,12,9/11/11 11:04,"0,65",12635,Germany
566233,21666,RIDGED GLASS T-LIGHT HOLDER,12,9/11/11 11:04,"0,65",12635,Germany
566233,23086,ZINC  STAR T-LIGHT HOLDER,16,9/11/11 11:04,"1,25",12635,Germany
566233,23087,ZINC  HEART T-LIGHT HOLDER,16,9/11/11 11:04,"1,25",12635,Germany
566233,23199,JUMBO BAG APPLES,10,9/11/11 11:04,"2,08",12635,Germany
566233,23240,SET OF 4 KNICK KNACK TINS DOILY,6,9/11/11 11:04,"4,15",12635,Germany
566233,23307,SET OF 60 PANTRY DESIGN CAKE CASES,24,9/11/11 11:04,"0,55",12635,Germany
566233,POST,POSTAGE,7,9/11/11 11:04,18,12635,Germany
566267,23401,RUSTIC MIRROR WITH LACE HEART,2,9/11/11 13:32,"6,25",12647,Germany
566267,23400,SHELF WITH 4 HOOKS HOME SWEET HOME,2,9/11/11 13:32,"6,25",12647,Germany
566267,23407,SET OF 2 TRAYS HOME SWEET HOME,2,9/11/11 13:32,"9,95",12647,Germany
566267,23425,STORAGE TIN HOME SWEET HOME,6,9/11/11 13:32,"2,49",12647,Germany
566267,23423,PANTRY 3 HOOK ROLLING PIN HANGER,6,9/11/11 13:32,"3,75",12647,Germany
566267,21787,RAIN PONCHO RETROSPOT,24,9/11/11 13:32,"0,85",12647,Germany
566267,21212,PACK OF 72 RETROSPOT CAKE CASES,24,9/11/11 13:32,"0,55",12647,Germany
566267,21976,PACK OF 60 MUSHROOM CAKE CASES,24,9/11/11 13:32,"0,55",12647,Germany
566267,23295,SET OF 12 MINI LOAF BAKING CASES,8,9/11/11 13:32,"0,83",12647,Germany
566267,23296,SET OF 6 TEA TIME BAKING CASES,8,9/11/11 13:32,"1,25",12647,Germany
566267,23293,SET OF 12 FAIRY CAKE BAKING CASES,8,9/11/11 13:32,"0,83",12647,Germany
566267,23294,SET OF 6 SNACK LOAF BAKING CASES,8,9/11/11 13:32,"0,83",12647,Germany
566267,POST,POSTAGE,3,9/11/11 13:32,18,12647,Germany
566267,22077,6 RIBBONS RUSTIC CHARM,12,9/11/11 13:32,"1,95",12647,Germany
566267,21789,KIDS RAIN MAC PINK,24,9/11/11 13:32,"0,85",12647,Germany
566267,21277,FRENCH STYLE EMBOSSED HEART CABINET,2,9/11/11 13:32,"21,95",12647,Germany
566267,22427,ENAMEL FLOWER JUG CREAM,3,9/11/11 13:32,"5,95",12647,Germany
566267,47559B,TEA TIME OVEN GLOVE,10,9/11/11 13:32,"1,25",12647,Germany
566267,21154,RED RETROSPOT OVEN GLOVE,20,9/11/11 13:32,"1,25",12647,Germany
566268,15056P,EDWARDIAN PARASOL PINK,3,9/11/11 13:38,"5,95",13813,Germany
566268,20679,EDWARDIAN PARASOL RED,3,9/11/11 13:38,"5,95",13813,Germany
566268,22189,CREAM HEART CARD HOLDER,4,9/11/11 13:38,"3,95",13813,Germany
566268,23293,SET OF 12 FAIRY CAKE BAKING CASES,8,9/11/11 13:38,"0,83",13813,Germany
566268,22352,LUNCH BOX WITH CUTLERY RETROSPOT,6,9/11/11 13:38,"2,55",13813,Germany
566268,21216,"SET 3 RETROSPOT TEA,COFFEE,SUGAR",4,9/11/11 13:38,"4,95",13813,Germany
566268,21035,SET/2 RED RETROSPOT TEA TOWELS,6,9/11/11 13:38,"3,25",13813,Germany
566268,22637,PIGGY BANK RETROSPOT,4,9/11/11 13:38,"2,55",13813,Germany
566268,22507,MEMO BOARD RETROSPOT  DESIGN,4,9/11/11 13:38,"4,95",13813,Germany
566268,23240,SET OF 4 KNICK KNACK TINS DOILY,6,9/11/11 13:38,"4,15",13813,Germany
566268,20749,ASSORTED COLOUR MINI CASES,2,9/11/11 13:38,"7,95",13813,Germany
566268,20914,SET/5 RED RETROSPOT LID GLASS BOWLS,12,9/11/11 13:38,"2,95",13813,Germany
566268,21154,RED RETROSPOT OVEN GLOVE,10,9/11/11 13:38,"1,25",13813,Germany
566268,23287,RED VINTAGE SPOT BEAKER,8,9/11/11 13:38,"0,85",13813,Germany
566268,POST,POSTAGE,3,9/11/11 13:38,18,13813,Germany
566586,21976,PACK OF 60 MUSHROOM CAKE CASES,48,9/13/11 14:23,"0,55",12619,Germany
566586,21977,PACK OF 60 PINK PAISLEY CAKE CASES,72,9/13/11 14:23,"0,55",12619,Germany
566586,23307,SET OF 60 PANTRY DESIGN CAKE CASES,24,9/13/11 14:23,"0,55",12619,Germany
566586,22737,RIBBON REEL CHRISTMAS PRESENT,10,9/13/11 14:23,"1,65",12619,Germany
566586,22739,RIBBON REEL CHRISTMAS SOCK BAUBLE,10,9/13/11 14:23,"1,65",12619,Germany
566586,22333,RETROSPOT PARTY BAG + STICKER SET,48,9/13/11 14:23,"1,45",12619,Germany
566586,POST,POSTAGE,1,9/13/11 14:23,18,12619,Germany
566739,21231,SWEETHEART CERAMIC TRINKET BOX,12,9/14/11 14:30,"1,25",12566,Germany
566739,22064,PINK DOUGHNUT TRINKET POT,12,9/14/11 14:30,"1,65",12566,Germany
566739,21232,STRAWBERRY CERAMIC TRINKET BOX,12,9/14/11 14:30,"1,25",12566,Germany
566739,22066,LOVE HEART TRINKET POT,48,9/14/11 14:30,"0,39",12566,Germany
566739,21154,RED RETROSPOT OVEN GLOVE,10,9/14/11 14:30,"1,25",12566,Germany
566739,22138,BAKING SET 9 PIECE RETROSPOT,3,9/14/11 14:30,"4,95",12566,Germany
566739,22628,PICNIC BOXES SET OF 3 RETROSPOT,4,9/14/11 14:30,"4,95",12566,Germany
566739,22634,CHILDS BREAKFAST SET SPACEBOY,2,9/14/11 14:30,"9,95",12566,Germany
566739,22635,CHILDS BREAKFAST SET DOLLY GIRL,2,9/14/11 14:30,"9,95",12566,Germany
566739,22922,FRIDGE MAGNETS US DINER ASSORTED,24,9/14/11 14:30,"0,85",12566,Germany
566739,22915,ASSORTED BOTTLE TOP  MAGNETS,24,9/14/11 14:30,"0,42",12566,Germany
566739,16156S,WRAP PINK FAIRY CAKES,25,9/14/11 14:30,"0,42",12566,Germany
566739,23076,ICE CREAM SUNDAE LIP GLOSS,24,9/14/11 14:30,"1,25",12566,Germany
566739,23256,CHILDRENS CUTLERY SPACEBOY,4,9/14/11 14:30,"4,15",12566,Germany
566739,23254,CHILDRENS CUTLERY DOLLY GIRL,4,9/14/11 14:30,"4,15",12566,Germany
566739,16169E,WRAP 50'S  CHRISTMAS,25,9/14/11 14:30,"0,42",12566,Germany
566739,22045,SPACEBOY GIFT WRAP,25,9/14/11 14:30,"0,42",12566,Germany
566739,22624,IVORY KITCHEN SCALES,2,9/14/11 14:30,"8,5",12566,Germany
566739,POST,POSTAGE,3,9/14/11 14:30,18,12566,Germany
566984,22728,ALARM CLOCK BAKELIKE PINK,8,9/16/11 10:39,"3,75",12471,Germany
566984,22907,PACK OF 20 NAPKINS PANTRY DESIGN,12,9/16/11 10:39,"0,85",12471,Germany
566984,23307,SET OF 60 PANTRY DESIGN CAKE CASES,24,9/16/11 10:39,"0,55",12471,Germany
566984,23295,SET OF 12 MINI LOAF BAKING CASES,16,9/16/11 10:39,"0,83",12471,Germany
566984,23296,SET OF 6 TEA TIME BAKING CASES,16,9/16/11 10:39,"1,25",12471,Germany
566984,23245,SET OF 3 REGENCY CAKE TINS,8,9/16/11 10:39,"4,95",12471,Germany
566984,23240,SET OF 4 KNICK KNACK TINS DOILY,6,9/16/11 10:39,"4,15",12471,Germany
566984,23316,RED REFECTORY CLOCK,4,9/16/11 10:39,"9,95",12471,Germany
566984,23158,SET OF 5 LUCKY CAT MAGNETS,24,9/16/11 10:39,"2,08",12471,Germany
566984,23175,REGENCY MILK JUG PINK,4,9/16/11 10:39,"3,25",12471,Germany
566984,23433,HANGING QUILTED PATCHWORK APPLES,12,9/16/11 10:39,"0,83",12471,Germany
566984,23424,GINGHAM RECIPE BOOK BOX,4,9/16/11 10:39,"4,95",12471,Germany
566984,23377,PACK OF 12 DOLLY GIRL TISSUES,24,9/16/11 10:39,"0,39",12471,Germany
566984,23445,ICE CREAM BUBBLES,20,9/16/11 10:39,"0,83",12471,Germany
566984,23388,WOODLAND MINI BACKPACK,4,9/16/11 10:39,"4,15",12471,Germany
566984,23559,WOODLAND BUNNIES LOLLY MAKERS,6,9/16/11 10:39,"2,08",12471,Germany
566984,23375,50'S CHRISTMAS PAPER GIFT BAG,10,9/16/11 10:39,"0,82",12471,Germany
566984,21731,RED TOADSTOOL LED NIGHT LIGHT,24,9/16/11 10:39,"1,65",12471,Germany
566984,POST,POSTAGE,3,9/16/11 10:39,18,12471,Germany
C566986,84663A,GRASS HOPPER WOODEN WALL CLOCK,-1,9/16/11 10:47,"0,79",12476,Germany
566987,23203,JUMBO BAG VINTAGE DOILY,10,9/16/11 10:56,"2,08",12476,Germany
566987,POST,POSTAGE,4,9/16/11 10:56,18,12476,Germany
566987,22077,6 RIBBONS RUSTIC CHARM,12,9/16/11 10:56,"1,95",12476,Germany
566987,23165,LARGE CERAMIC TOP STORAGE JAR,12,9/16/11 10:56,"1,65",12476,Germany
566987,22629,SPACEBOY LUNCH BOX,12,9/16/11 10:56,"1,95",12476,Germany
566987,23190,BUNDLE OF 3 SCHOOL EXERCISE BOOKS,12,9/16/11 10:56,"1,65",12476,Germany
566987,22555,PLASTERS IN TIN STRONGMAN,36,9/16/11 10:56,"1,65",12476,Germany
566987,22556,PLASTERS IN TIN CIRCUS PARADE,36,9/16/11 10:56,"1,65",12476,Germany
566987,22423,REGENCY CAKESTAND 3 TIER,6,9/16/11 10:56,"12,75",12476,Germany
566987,23245,SET OF 3 REGENCY CAKE TINS,8,9/16/11 10:56,"4,95",12476,Germany
566987,23018,LARGE APOTHECARY MEASURING JAR,3,9/16/11 10:56,"12,5",12476,Germany
566987,22467,GUMBALL COAT RACK,24,9/16/11 10:56,"2,55",12476,Germany
566987,23202,JUMBO BAG VINTAGE LEAF,10,9/16/11 10:56,"2,08",12476,Germany
567134,21672,WHITE SPOT RED CERAMIC DRAWER KNOB,12,9/16/11 14:20,"1,45",12600,Germany
567134,20718,RED RETROSPOT SHOPPER BAG,10,9/16/11 14:20,"1,25",12600,Germany
567134,20679,EDWARDIAN PARASOL RED,18,9/16/11 14:20,"5,95",12600,Germany
567134,20712,JUMBO BAG WOODLAND ANIMALS,10,9/16/11 14:20,"2,08",12600,Germany
567134,85014B,RED RETROSPOT UMBRELLA,18,9/16/11 14:20,"5,95",12600,Germany
567134,POST,POSTAGE,1,9/16/11 14:20,18,12600,Germany
C567147,23307,SET OF 60 PANTRY DESIGN CAKE CASES,-24,9/16/11 15:14,"0,55",12709,Germany
C567147,21658,GLASS  BEURRE DISH,-1,9/16/11 15:14,"3,39",12709,Germany
C567147,22627,MINT KITCHEN SCALES,-1,9/16/11 15:14,"7,65",12709,Germany
C567187,22383,LUNCH BAG SUKI DESIGN,-1,9/19/11 8:40,"1,65",12705,Germany
567291,22215,CAKE STAND WHITE TWO TIER LACE,4,9/19/11 11:55,"8,5",12527,Germany
567291,22222,CAKE PLATE LOVEBIRD WHITE,3,9/19/11 11:55,"4,95",12527,Germany
567291,23319,BOX OF 6 MINI 50'S CRACKERS,6,9/19/11 11:55,"2,49",12527,Germany
567298,22632,HAND WARMER RED RETROSPOT,96,9/19/11 12:29,"1,85",12497,Germany
567298,22558,CLOTHES PEGS RETROSPOT PACK 24,48,9/19/11 12:29,"1,45",12497,Germany
567298,16161U,WRAP SUKI AND FRIENDS,75,9/19/11 12:29,"0,42",12497,Germany
567298,22985,WRAP BILLBOARD FONTS DESIGN,75,9/19/11 12:29,"0,42",12497,Germany
567298,21787,RAIN PONCHO RETROSPOT,24,9/19/11 12:29,"0,85",12497,Germany
567298,21497,FANCY FONTS BIRTHDAY WRAP,125,9/19/11 12:29,"0,42",12497,Germany
567298,21499,BLUE POLKADOT WRAP,125,9/19/11 12:29,"0,42",12497,Germany
567298,21500,PINK POLKADOT WRAP,125,9/19/11 12:29,"0,42",12497,Germany
567298,21498,RED RETROSPOT WRAP,125,9/19/11 12:29,"0,42",12497,Germany
567298,21495,SKULLS AND CROSSBONES WRAP,125,9/19/11 12:29,"0,42",12497,Germany
567298,21914,BLUE HARMONICA IN BOX,96,9/19/11 12:29,"1,25",12497,Germany
567298,21915,RED  HARMONICA IN BOX,96,9/19/11 12:29,"1,25",12497,Germany
567298,21889,WOODEN BOX OF DOMINOES,96,9/19/11 12:29,"1,25",12497,Germany
567298,POST,POSTAGE,5,9/19/11 12:29,18,12497,Germany
567305,20749,ASSORTED COLOUR MINI CASES,4,9/19/11 13:28,"7,95",12621,Germany
567305,20750,RED RETROSPOT MINI CASES,2,9/19/11 13:28,"7,95",12621,Germany
567305,22730,ALARM CLOCK BAKELIKE IVORY,4,9/19/11 13:28,"3,75",12621,Germany
567305,22728,ALARM CLOCK BAKELIKE PINK,4,9/19/11 13:28,"3,75",12621,Germany
567305,22725,ALARM CLOCK BAKELIKE CHOCOLATE,4,9/19/11 13:28,"3,75",12621,Germany
567305,22729,ALARM CLOCK BAKELIKE ORANGE,4,9/19/11 13:28,"3,75",12621,Germany
567305,21209,MULTICOLOUR HONEYCOMB FAN,24,9/19/11 13:28,"0,39",12621,Germany
567305,23204,CHARLOTTE BAG APPLES DESIGN,10,9/19/11 13:28,"0,85",12621,Germany
567305,23206,LUNCH BAG APPLE DESIGN,10,9/19/11 13:28,"1,65",12621,Germany
567305,22629,SPACEBOY LUNCH BOX,48,9/19/11 13:28,"1,95",12621,Germany
567305,22972,CHILDREN'S SPACEBOY MUG,12,9/19/11 13:28,"1,65",12621,Germany
567305,22326,ROUND SNACK BOXES SET OF4 WOODLAND,24,9/19/11 13:28,"2,95",12621,Germany
567305,22328,ROUND SNACK BOXES SET OF 4 FRUITS,12,9/19/11 13:28,"2,95",12621,Germany
567305,21509,COWBOYS AND INDIANS BIRTHDAY CARD,12,9/19/11 13:28,"0,42",12621,Germany
567305,POST,POSTAGE,2,9/19/11 13:28,18,12621,Germany
567336,21731,RED TOADSTOOL LED NIGHT LIGHT,12,9/19/11 14:56,"1,65",12621,Germany
567336,23247,BISCUIT TIN 50'S CHRISTMAS,6,9/19/11 14:56,"2,89",12621,Germany
567336,22698,PINK REGENCY TEACUP AND SAUCER,6,9/19/11 14:56,"2,95",12621,Germany
567336,22697,GREEN REGENCY TEACUP AND SAUCER,6,9/19/11 14:56,"2,95",12621,Germany
567336,23374,RED SPOT PAPER GIFT BAG,20,9/19/11 14:56,"0,82",12621,Germany
567336,23438,RED SPOT GIFT BAG LARGE,24,9/19/11 14:56,"1,25",12621,Germany
567336,22580,ADVENT CALENDAR GINGHAM SACK,48,9/19/11 14:56,"4,95",12621,Germany
567336,23319,BOX OF 6 MINI 50'S CRACKERS,96,9/19/11 14:56,"2,08",12621,Germany
567336,22734,SET OF 6 RIBBONS VINTAGE CHRISTMAS,12,9/19/11 14:56,"2,89",12621,Germany
567336,POST,POSTAGE,4,9/19/11 14:56,18,12621,Germany
567512,22621,TRADITIONAL KNITTING NANCY,12,9/20/11 15:03,"1,65",12720,Germany
567512,23391,I LOVE LONDON MINI BACKPACK,4,9/20/11 15:03,"4,15",12720,Germany
567512,23380,PACK OF 12 VINTAGE DOILY TISSUES,24,9/20/11 15:03,"0,39",12720,Germany
567512,22961,JAM MAKING SET PRINTED,12,9/20/11 15:03,"1,45",12720,Germany
567512,22271,FELTCRAFT DOLL ROSIE,6,9/20/11 15:03,"2,95",12720,Germany
567512,22273,FELTCRAFT DOLL MOLLY,6,9/20/11 15:03,"2,95",12720,Germany
567512,20676,RED RETROSPOT BOWL,16,9/20/11 15:03,"1,25",12720,Germany
567512,23293,SET OF 12 FAIRY CAKE BAKING CASES,16,9/20/11 15:03,"0,83",12720,Germany
567512,23295,SET OF 12 MINI LOAF BAKING CASES,8,9/20/11 15:03,"0,83",12720,Germany
C567519,22322,BIRD DECORATION GREEN POLKADOT,-12,9/20/11 16:30,"0,85",12474,Germany
567578,22149,FELTCRAFT 6 FLOWER FRIENDS,6,9/21/11 10:47,"2,1",12701,Germany
567578,21212,PACK OF 72 RETROSPOT CAKE CASES,24,9/21/11 10:47,"0,55",12701,Germany
567578,21975,PACK OF 60 DINOSAUR CAKE CASES,24,9/21/11 10:47,"0,55",12701,Germany
567578,22417,PACK OF 60 SPACEBOY CAKE CASES,24,9/21/11 10:47,"0,55",12701,Germany
567578,21976,PACK OF 60 MUSHROOM CAKE CASES,24,9/21/11 10:47,"0,55",12701,Germany
567578,23307,SET OF 60 PANTRY DESIGN CAKE CASES,24,9/21/11 10:47,"0,55",12701,Germany
567578,22955,36 FOIL STAR CAKE CASES,6,9/21/11 10:47,"2,1",12701,Germany
567578,22956,36 FOIL HEART CAKE CASES,6,9/21/11 10:47,"2,1",12701,Germany
567578,22326,ROUND SNACK BOXES SET OF4 WOODLAND,6,9/21/11 10:47,"2,95",12701,Germany
567578,23294,SET OF 6 SNACK LOAF BAKING CASES,8,9/21/11 10:47,"0,83",12701,Germany
567578,23296,SET OF 6 TEA TIME BAKING CASES,16,9/21/11 10:47,"1,25",12701,Germany
567578,23295,SET OF 12 MINI LOAF BAKING CASES,8,9/21/11 10:47,"0,83",12701,Germany
567578,23353,6 GIFT TAGS VINTAGE CHRISTMAS,12,9/21/11 10:47,"0,83",12701,Germany
567578,21708,FOLDING UMBRELLA CREAM POLKADOT,4,9/21/11 10:47,"4,95",12701,Germany
567578,23545,WRAP RED VINTAGE DOILY,25,9/21/11 10:47,"0,42",12701,Germany
567578,15034,PAPER POCKET TRAVELING FAN,24,9/21/11 10:47,"0,14",12701,Germany
567578,22614,PACK OF 12 SPACEBOY TISSUES,24,9/21/11 10:47,"0,39",12701,Germany
567578,21993,FLORAL FOLK STATIONERY SET,12,9/21/11 10:47,"1,25",12701,Germany
567578,35970,ZINC FOLKART SLEIGH BELLS,12,9/21/11 10:47,"1,69",12701,Germany
567578,22898,CHILDRENS APRON APPLES DESIGN,8,9/21/11 10:47,"1,95",12701,Germany
567578,21218,RED SPOTTY BISCUIT TIN,6,9/21/11 10:47,"3,75",12701,Germany
567578,16014,SMALL CHINESE STYLE SCISSOR,20,9/21/11 10:47,"0,42",12701,Germany
567578,20750,RED RETROSPOT MINI CASES,2,9/21/11 10:47,"7,95",12701,Germany
567578,20749,ASSORTED COLOUR MINI CASES,2,9/21/11 10:47,"7,95",12701,Germany
567578,22278,OVERNIGHT BAG VINTAGE ROSE PAISLEY,3,9/21/11 10:47,"4,95",12701,Germany
567578,23388,WOODLAND MINI BACKPACK,4,9/21/11 10:47,"4,15",12701,Germany
567578,23389,SPACEBOY MINI BACKPACK,4,9/21/11 10:47,"4,15",12701,Germany
567578,23380,PACK OF 12 VINTAGE DOILY TISSUES,24,9/21/11 10:47,"0,39",12701,Germany
567578,23433,HANGING QUILTED PATCHWORK APPLES,24,9/21/11 10:47,"0,83",12701,Germany
567578,23445,ICE CREAM BUBBLES,20,9/21/11 10:47,"0,83",12701,Germany
567578,23551,PACK OF 12 PAISLEY PARK TISSUES,24,9/21/11 10:47,"0,39",12701,Germany
567578,POST,POSTAGE,2,9/21/11 10:47,18,12701,Germany
567666,51014A,"FEATHER PEN,HOT PINK",24,9/21/11 15:23,"0,39",12520,Germany
567666,51014C,"FEATHER PEN,COAL BLACK",24,9/21/11 15:23,"0,39",12520,Germany
